"URL","Image URL","ASIN","Title","Brand","Fulfillment","Category","BSR","UPC","GTIN","EAN","ISBN","Subcategory","Subcategory BSR","Price","Price Trend (90 days) (%)","Parent Level Sales","ASIN Sales","Sales Trend (90 days) (%)","Parent Level Revenue","ASIN Revenue","Review Count","Reviews Rating","Seller","Seller Country/Region","Number of Active Sellers","Last Year Sales","Sales Year Over Year (%)","Size Tier","Length","Width","Height","Weight","Storage Fee (Jan - Sep)","Storage Fee (Oct - Dec)","Best Sales Period","Age (Month)","Number of Images","Variation Count","Sales to Reviews"
"https://amazon.com/dp/B076QJ34PS","https://m.media-amazon.com/images/I/41bkoe-QSKL._SX450_.jpg","B076QJ34PS","Canon PG-240XXL Extra High Capacity Black Ink Cartridge (5204B001) + CL-241XL Color Ink Cartridge (5208B001)","Canon","FBA","Office Products",46391,703624140397,"N/A",0703624140397,"N/A","Inkjet Ink Cartridges",1493,83.95,3,103,103,-15,8724.26,8723.08,1047,4.7,"True Modern Electronics","USA",8,1564,-20,"Large Standard-Size",2.2,3.35,4.41,0.33,16.36,45.14,"02/28/2025",98,1,0,0.1
"https://amazon.com/dp/B000AN1RS6","https://m.media-amazon.com/images/I/41JqI0Y-A+L._SX450_.jpg","B000AN1RS6","Pendaflex Reinforced Tab File Folders, Letter Size, Manila, 1/3-Cut, 100 Per Box (R752 1/3)","Pendaflex","FBM","Office Products",33902,787463955510,00078787823204,0787463955510,"N/A","Manila",41,20.15,-20,282,282,,5516.22,5513.46,647,4.7,"Big Desk Drawer","USA",49,0,"N/A","Large Standard-Size",3.5,10,12.05,6.5,"N/A","N/A","07/31/2025",205,6,2,0.44
"https://amazon.com/dp/B0089QJQSE","https://m.media-amazon.com/images/I/711ATuGq-jL._SX450_.jpg","B0089QJQSE","Teacher Created Resources 5&6 I Have Language Arts Game Multi, 5-1/2 x 4 x 1-3/4","Teacher Created Resources","Amazon","Office Products",36391,088231978329,00088231978329,0088231978329,"N/A","Early Childhood Education Materials",425,15.4,-4,320,320,134,5724.21,5721.34,118,4.5,"Amazon","N/A",11,1850,-5,"Large Standard-Size",1.81,4.21,5.63,0.66,"N/A","N/A","07/31/2024",159,4,0,2.71
"https://amazon.com/dp/B004DE1IB4","https://m.media-amazon.com/images/I/41rUEhqKa2L._SX450_.jpg","B004DE1IB4","VHOB Page-Up Color Plus Document Holder - Orange - 01487","Page-Up","FBA","Office Products",108731,665928014876,"N/A",0665928014876,"N/A","Copyholders",47,9.99,-7,55,55,47,550.48,549.8,49,4.7,"Spirit Global","USA",2,447,521,"Large Standard-Size",1.5,1.89,2.2,0.15,3.14,8.66,"07/31/2025",178,1,0,1.15
"https://amazon.com/dp/B003U6MZVI","https://m.media-amazon.com/images/I/81Xzyq8tiWL._SX450_.jpg","B003U6MZVI","School Smart Hard Cover Composition Book, Unruled, 9-3/4 x 7-1/2 Inches, 100 sheets","School Smart","Amazon","Office Products",67375,885634022396,00885634022396,0885634022396,"N/A","Composition Notebooks",459,6.58,-18,612,612,,4050.63,4044.42,88,4.3,"Amazon","N/A",1,1098,244,"Small Standard-Size",0.47,7.56,9.65,0.7,"N/A","N/A","07/31/2025",174,10,2,6.96
"https://amazon.com/dp/B00UIYVHP0","https://m.media-amazon.com/images/I/71nWhbafvxL._SX450_.jpg","B00UIYVHP0","Avery Full Sheet Printable Shipping Labels, 8.5"" x 11"", White, 250 Blank Mailing Labels, Great for Packages, Product Merchandising, Organization, and More (95920)","Avery","FBM","Office Products",120287,072782959203,00072782959203,0072782959203,"N/A","Laser & Inkjet Printer Labels",1146,49.36,-18,67,61,-9,3577.13,3037.7,89,4.2,"Solutions by Staples","USA",29,917,1,"Large Standard-Size",1.93,8.78,11.38,5.18,"N/A","N/A","12/31/2024",125,8,2,0.75
"https://amazon.com/dp/B00881PFQM","https://m.media-amazon.com/images/I/31sgsVKDECL._SX450_.jpg","B00881PFQM","BCW Coin Tubes for US Nickels – 10ct | Durable Plastic Storage with Airtight Lids | Holders for Collectors","BCW","FBA","Office Products",22070,722626800054,"N/A",0722626800054,"N/A","Coin Storage & Shipping Boxes",27,8.99,13,247,247,-52,2292.36,2289.78,768,4.7,"BCW Supplies","USA",2,4088,54,"Large Standard-Size",2.91,4.13,6.02,0.33,36.43,100.49,"02/28/2025",221,10,0,0.32
"https://amazon.com/dp/B005CVQSAS","https://m.media-amazon.com/images/I/41861TOnZoL._SX450_.jpg","B005CVQSAS","500 WristCo Yellow Smiley Face Tyvek Wristbands for Events - ¾” x 10” - Waterproof Recyclable Comfortable Tear Resistant Paper Bracelets Wrist Bands for Concerts Festivals Admission Party","Wristco","FBA","Office Products",10427,818535024411,"N/A",8271072851803,"N/A","ID Wristbands",22,13.89,5,960,253,1,12621.94,3516.86,710,4.7,"Wristco","USA",1,8531,55,"Small Standard-Size",0.71,7.52,10.04,0.42,26.99,74.45,"06/30/2025",170,4,10,1.35
"https://amazon.com/dp/B00006IF2L","https://m.media-amazon.com/images/I/51SJV-59J6L._SX450_.jpg","B00006IF2L","Smead File Folder, 1/3-Cut Tab, Assorted Positions, Legal Size, Manila, 100 per Box (15330)","SMEAD","Amazon","Office Products",15739,086486153300,00086486153300,0086486153300,"N/A","Manila",20,24.99,15,625,377,4,16360.48,9400.47,1427,4.8,"Amazon","N/A",37,12233,-22,"Large Standard-Size",2.76,10.43,15.63,7.14,"N/A","N/A","12/31/2023",95,7,12,0.44
"https://amazon.com/dp/B0017D8AO2","https://m.media-amazon.com/images/I/71f7eB0ApkL._SX450_.jpg","B0017D8AO2","Uni-Ball 60384 uni-ball Vision Rollerball Pens, Fine Point (0.7mm), Pink, 12 Count","uniball","Amazon","Office Products",19042,999992900088,50070530603847,0999992900088,"N/A","Liquid Ink Rollerball Pens",59,13.41,-71,201,94,,3403.3,1253.9,364,4.6,"Amazon","N/A",26,0,"N/A","Large Standard-Size",1.1,3.07,5.67,0.44,"N/A","N/A","08/31/2025",205,8,4,0.55
"https://amazon.com/dp/B00006IFJS","https://m.media-amazon.com/images/I/41XQ1XYkwdL._SX450_.jpg","B00006IFJS","Pilot V Razor Point Liquid Ink Markers, Extra Fine Point, Blue Ink, 12-Pack (11021)","PILOT","Amazon","Office Products",18614,072838110213,00072838110213,0072838110213,"N/A","Porous-Point Pens",43,16.71,-7,462,88,15,6670.33,1460.64,1614,4.8,"Amazon","N/A",33,6334,2,"Large Standard-Size",1.06,2.99,5.67,0.26,"N/A","N/A","02/28/2025",277,2,5,0.29
"https://amazon.com/dp/B000G3HT50","https://m.media-amazon.com/images/I/61nhY-uUNgL._SX450_.jpg","B000G3HT50","Learning Resources Junior Organization Station, Classroom Pocket Charts, Back to School Supplies, Classroom Behavior Chart, Homeschool & Classroom Hand-Washing, Ages 3+","Learning Resources","Amazon","Office Products",34532,765023022582,00765023022582,0765023022582,"N/A","Pocket Charts",154,26.99,11,333,333,400,8985.93,8982.49,250,4.6,"Amazon","N/A",1,1625,15,"Large Standard-Size",1.5,11.93,15.67,1.27,"N/A","N/A","07/31/2024",217,4,0,1.33
"https://amazon.com/dp/B000J05GN2","https://m.media-amazon.com/images/I/41kt9odl+dL._SX450_.jpg","B000J05GN2","Post-it Super Sticky Lined Notes, 4 Sticky Note Pads, 8 x 6 in., School Supplies, Office Products, Sticky Notes for Vertical Surfaces, Monitors, Walls and Windows, Energy Boost Collection","Post-it","FBM","Office Products",24959,051131945654,00051131945654,0051131945654,"N/A","Self-Stick Notes",430,12.53,-13,345,345,31,4362.61,4360.51,746,4.8,"HiTouch Business Services a BU of Staples","USA",64,3941,-22,"Large Standard-Size",0.79,6.1,8.07,0.97,"N/A","N/A","02/28/2025",247,14,0,0.46
"https://amazon.com/dp/B01LY1P19T","https://m.media-amazon.com/images/I/81AjpZ9S5aL._SX450_.jpg","B01LY1P19T","Hallmark Birthday Card (Envelope with Confetti)","Hallmark","Amazon","Office Products",3968,720473875355,00720473875355,0720473875355,"N/A","Greeting Cards",160,5.99,-7,1731,1442,-33,10367.33,8621.44,1059,4.8,"Amazon","N/A",1,16004,"N/A","Small Standard-Size",0.28,5.63,8.27,0.07,"N/A","N/A","05/31/2025",104,10,4,1.63
"https://amazon.com/dp/B01MTYFS2T","https://m.media-amazon.com/images/I/81l8TuMeh4L._SX450_.jpg","B01MTYFS2T","Pilot, Precise V5 Deco Collection, Capped Liquid Ink Rolling Ball Pens, Extra Fine Point 0.5 mm, Black/Blue/Turquoise/Pink, Pack of 4","PILOT","Amazon","Office Products",130587,072838388063,00072838388063,0072838388063,"N/A","Ballpoint Pens",3549,9.77,-15,20,94,,154.48,785.8,6059,4.8,"Amazon","N/A",2,0,"N/A","Small Standard-Size",0.75,3.54,7.2,0.11,"N/A","N/A","-",106,3,0,0
"https://amazon.com/dp/B00007M277","https://m.media-amazon.com/images/I/41Xy6y1oUhL._SX450_.jpg","B00007M277","Avery File Folder Labels on 4"" x 6"" Sheets, Easy Peel, White/Purple, Print or Write, 2/3"" x 3-7/16"", 252 Labels (5204)","Avery","Amazon","Office Products",38527,072782052041,00072782052041,0072782052041,"N/A","File Folder Labels",23,5.38,35,304,304,-44,1438.9,1437.13,471,4.7,"Amazon","N/A",20,3510,50,"Small Standard-Size",0.59,4.25,6.22,0.22,"N/A","N/A","06/30/2025",239,7,0,0.65
"https://amazon.com/dp/B00A3VJ7UK","https://m.media-amazon.com/images/I/51lZpD1Fr8L._SX450_.jpg","B00A3VJ7UK","Aqua Love Notes Waterproof Notepad (MADE IN THE USA)","Aqua Notes","FBA","Office Products",90512,893181002013,"N/A",0893181002013,"N/A","Memo & Scratch Pads",557,12,-17,68,68,-51,811.22,811.09,1016,4.6,"Aqua Notes","USA",1,2935,20,"Large Standard-Size",0.83,4.88,7.95,0.2,16.16,44.58,"11/30/2024",143,5,0,0.07
"https://amazon.com/dp/B07193KG7G","https://m.media-amazon.com/images/I/51qaTjZEJaL._SX450_.jpg","B07193KG7G","Bulk 100 Pack - Premium Blank PVC Cards for ID Badge Printers - Graphic Quality White Plastic CR80 30 Mil (CR8030) by Specialist ID - Compatible with Most Photo ID Badge Printers (White)","Specialist ID","FBA","Office Products",9650,842388101449,"N/A",0842388101449,"N/A","Identification Badges",7,18.99,-5,961,272,103,27850.61,5153.21,879,4.6,"SPECIALIST ID","USA",3,8969,7,"Large Standard-Size",3.07,4.33,6.26,1.08,41.9,115.58,"07/31/2025",100,8,4,1.09
"https://amazon.com/dp/B014KM4JO6","https://m.media-amazon.com/images/I/713bUAbHcgL._SX450_.jpg","B014KM4JO6","HOSL 100 Pcs Clear Plastic Vertical Name Tag Badge Holders Fit Card Size 2.62X3.75 Bulk ID Card Holders Id Badge Holders Name Badge Case Cover Badge Sleeves(Vertical 100pcs)","HOSL","FBA","Office Products",68590,"N/A","N/A",6926537604624,"N/A","Badge Holders",2013,16.99,-3,80,57,-32,1265.62,968.19,889,4.6,"360°Happy","China",1,1495,-53,"Large Standard-Size",2.24,5.47,7.4,1.28,45.65,125.93,"03/31/2024",121,7,17,0.09
"https://amazon.com/dp/B00006IFJP","https://m.media-amazon.com/images/I/61UZnHKuSkL._SX450_.jpg","B00006IFJP","PILOT Razor Point Fine Line Marker Stick Pens, Ultra-Fine Point (0.3mm) Red Ink, 12 Units (11007)","PILOT","Amazon","Office Products",6991,072838110077,00072838110077,0072838110077,"N/A","Permanent Markers",99,14.43,-2,1244,177,11,16962.96,2559.74,2830,4.7,"Amazon","N/A",36,15654,18,"Large Standard-Size",1.06,2.76,5.56,0.22,"N/A","N/A","12/31/2024",217,5,6,0.44
"https://amazon.com/dp/B01C4X6UY0","https://m.media-amazon.com/images/I/611bHfblkOL._SX450_.jpg","B01C4X6UY0","Learning Resources Giant Magnetic Number Bonds, Math Teacher aids, Whiteboard accessories, 55 Pieces, Grades K+","Learning Resources","Amazon","Office Products",98889,765023052145,00765023052145,0765023052145,"N/A","Early Childhood Education Materials",1362,24.99,38,107,107,41,2592.51,2591.53,501,4.6,"Amazon","N/A",13,788,-17,"Large Standard-Size",1.61,10.47,10.55,1.63,"N/A","N/A","07/31/2024",115,4,0,0.21
"https://amazon.com/dp/B001E6A1PS","https://m.media-amazon.com/images/I/71ZJiwOLv5L._SX450_.jpg","B001E6A1PS","Dixon China Marker, Yellow, Dozen","Dixon","FBM","Office Products",27603,072067000736,00072067000736,0072067000736,"N/A","China Markers",4,7.45,-4,399,174,4,8218.84,1291.19,912,4.3,"Fast and Precise by Staples","USA",20,6424,-37,"Large Standard-Size",0.87,2.2,6.93,0.29,"N/A","N/A","08/31/2023",205,3,9,0.44
"https://amazon.com/dp/B008YFJ5NG","https://m.media-amazon.com/images/I/81t8vE6K5YL._SX450_.jpg","B008YFJ5NG","Kamset Address Telephone Book Small 3.25"" x 4"" Black","AllTopBargains","FBA","Office Products",31476,061541688515,00061541688515,7544580254383,"N/A","Address Books",32,6.95,"N/A",368,368,37,2554.55,2550.85,1073,4,"Click 'N Save","USA",5,3242,51,"Small Standard-Size",0.35,3.03,4.02,0.02,2.15,5.92,"07/31/2025",113,2,0,0.34
"https://amazon.com/dp/B0196VMFVA","https://m.media-amazon.com/images/I/81tykc0aeJL._SX450_.jpg","B0196VMFVA","Bird Fiy® 50 Pcs Lanyard Bulldog Clip 32-inch Flat Braid Neck Lanyard for Id Cards/badges (Black)","Bird Fiy","FBA","Office Products",19015,732840052375,"N/A",0732840052375,"N/A","Badge Holders",487,15.96,-2,399,173,32,6360.47,2752.3,413,4.5,"Bird Fiy","China",1,3891,3,"Large Standard-Size",3.35,5.55,7.87,0.55,73.64,203.16,"07/31/2025",117,5,8,0.96
"https://amazon.com/dp/B00006IC8G","https://m.media-amazon.com/images/I/718YCRsTAqL._SX450_.jpg","B00006IC8G","Avery Diamond Clear Secure Side-Load Sheet Protectors, Heavyweight, 25 Page Protectors (76001)","Avery","Amazon","Office Products",30242,077711760011,00077711760011,0077711760011,"N/A","Sheet Protectors, Card & Photo Sleeves",171,8.22,-6,366,366,125,2784.69,2783.73,388,4.8,"Amazon","N/A",9,2880,20,"Small Standard-Size",0.59,10.67,11.42,0.6,"N/A","N/A","07/31/2025",205,8,0,0.94
"https://amazon.com/dp/B005FUGOQO","https://m.media-amazon.com/images/I/612rVir2NsL._SX450_.jpg","B005FUGOQO","Case-it King Sized Zip Tab School Zipper Binder | 4-Inch D-Rings, 800 Sheet Capacity, 5-Subject Expanding File Folder, Multiple Pockets & Storage Organizer, Shoulder Strap | D-186 Dark Purple","Case it","FBM","Office Products",357793,022293106436,00022293106436,0022293106436,"N/A","Portfolio & Case Ring Binders",479,37.79,5,6,97,,262.2,4370.8,653,4.3,"PNWB Office Products","USA",8,73,18,"Large Standard-Size",6,14,14,2.4,"N/A","N/A","07/31/2025",169,15,0,0.01
"https://amazon.com/dp/B015AS67I0","https://m.media-amazon.com/images/I/518hk5gY92L._SX450_.jpg","B015AS67I0","Laura Davidson Furniture Stockpile 3 Drawer File Cabinet with Lock - Under Office Desk Metal Filing Cabinet, Legal/Letter File Folders, Wheels and Stationary Feet, Pre-Assembled, White","Laura Davidson Furniture","FBM","Office Products",12939,738144249763,"N/A",7425700012017,"N/A","Mobile File Cabinets",8,259.99,1,546,112,-10,142480.23,29213.47,1188,4.8,"Laura Davidson Furniture","USA",1,8625,-38,"Extra-large 70+ to 150 lb",26,24,19,60,"N/A","N/A","06/30/2024",120,6,24,0.46
"https://amazon.com/dp/B074TR9YWC","https://m.media-amazon.com/images/I/7115TVL4-EL._SX450_.jpg","B074TR9YWC","Canon CLI-281 XXL Genuine Cyan Ink Tank, Compatible with TR8520, TS9120,TS8120, TS6120, TS9521C/a, TS9520/a, TS8220, TS6220, TS8320, TS6320, TS702/a, and TR8620/a Series Printers","Canon","Amazon","Office Products",963,013803287301,00013803287301,0013803287301,"N/A","Inkjet Ink Cartridges",74,31,-2,7185,409,-13,182347.57,12530.38,6900,4.7,"Amazon","N/A",32,89820,28,"Large Standard-Size",0.91,3.78,4.25,0.08,"N/A","N/A","06/30/2025",97,6,39,1.04
"https://amazon.com/dp/B000NNNUKG","https://m.media-amazon.com/images/I/61uy4hPbLRL._SX450_.jpg","B000NNNUKG","Kokuyo Campus Loose Leaf Paper for Binders, Sarasara Smooth Writing, B5, Plain Ruled, 26 Holes, 100 Sheets, pH Neutral, Bleed Resistant, 75gsm, Japan Import (NO-837WEN)","KOKUYO","FBA","Office Products",50824,780411766039,"N/A",4901480072159,"N/A","Loose Leaf Binder Paper",105,7.8,-7,198,181,186,1500.83,1362.75,627,4.7,"Fun Fun Hobby Japan! (*Impduty-Free!)","Japan",3,1583,"N/A","Small Standard-Size",0.39,7.36,10.16,0.75,14.68,40.5,"12/31/2024",157,2,4,0.32
"https://amazon.com/dp/B076XNDHFB","https://m.media-amazon.com/images/I/61tNV2H1LrL._SX450_.jpg","B076XNDHFB","Brother TN-436 Super High Yield Toner Cartridge Set (6,500 Yield)","Brother","FBM","Office Products",40860,768202249398,"N/A",0768202249398,"N/A","Toner Cartridges",589,584,-11,185,185,-15,104795.96,104795.47,96,4.4,"eSwift Supplies","USA",9,2789,25,"Large bulky",11,13,14,6.75,"N/A","N/A","12/31/2024",95,9,0,1.92
"https://amazon.com/dp/B009ZMFIJ2","https://m.media-amazon.com/images/I/71P+nO7AZcL._SX450_.jpg","B009ZMFIJ2","Pilot, FriXion Clicker Erasable Gel Pens, Fine Point. 0.7 mm, Pack of 12, Red","PILOT","Amazon","Office Products",1173,072838314529,00072838314529,0072838314529,"N/A","Gel Ink Rollerball Pens",56,19.47,-9,7071,1305,109,142226.44,25272.93,8712,4.7,"Amazon","N/A",34,0,"N/A","Large Standard-Size",1.06,2.76,5.75,0.33,"N/A","N/A","07/31/2025",154,4,10,0.81
"https://amazon.com/dp/B000DZEABC","https://m.media-amazon.com/images/I/81SLAin7DYL._SX450_.jpg","B000DZEABC","Listo 1620 - Box of 12 - BLACK COLOR - China Markers/Grease Pencils/China Marking/Pencils/Wax Pencils - Made in USA","Listo","FBA","Office Products",12601,635665065097,"N/A",0635665065097,"N/A","China Markers",2,13.99,5,922,736,20,16622.45,10286.66,2124,4.5,"Sphere Global","USA",4,10882,1,"Large Standard-Size",1.06,2.64,4.72,0.24,6.67,18.4,"03/31/2024",219,8,4,0.43
"https://amazon.com/dp/B008DQXN48","https://m.media-amazon.com/images/I/61pOquCfaIL._SX450_.jpg","B008DQXN48","Quartet Dry Erase Markers, Glass Whiteboard Markers, Bullet Tip, White Board Dry Erase Pens for Teachers, Home School & Office Supplies, Assorted Neon Colors, 4 Pack (79551)","Quartet","Amazon","Office Products",18186,809099264047,00034138795514,0809099264047,"N/A","Dry Erase & Wet Erase Markers",189,11.76,-21,539,60,43,5302.08,702.79,2907,4.4,"Amazon","N/A",32,7361,-54,"Small Standard-Size",0.5,3.9,7.4,0.2,"N/A","N/A","09/30/2023",160,8,2,0.19
"https://amazon.com/dp/B002AT8QKU","https://m.media-amazon.com/images/I/41KwfPLuetL._SX450_.jpg","B002AT8QKU","BCW Comic Book Stor-Folio – 1 Pack | Comic Book Travel Case for Current & Silver Age | Magnetic Comic Folio Carrier","BCW","FBA","Office Products",36718,722626908156,00722626908101,0722626908156,"N/A","Storage File Boxes",140,18.99,18,154,154,-36,2981.83,2980.19,962,4.8,"BCW Supplies","USA",2,2252,"N/A","Large Standard-Size",2.01,9.25,11.57,0.88,108.3,298.77,"04/30/2025",245,6,0,0.16
"https://amazon.com/dp/B01M0FWZQ2","https://m.media-amazon.com/images/I/9144c8cOCbL._SX450_.jpg","B01M0FWZQ2","June Gold 72 Mechanical Pencils, 0.9 mm HB Lead, 2 Dispensers with 160 Refills & 16 Refill Erasers, Break Resistant, Side Click & Soft Grip","June Gold","FBA","Office Products",53354,680474396900,"N/A",0680474396900,"N/A","Mechanical Pencils",461,24.99,-2,354,354,922,8849.28,8845.61,1330,4.2,"June Gold","USA",1,0,"N/A","Large Standard-Size",0.63,2.76,10.75,1.72,9.39,25.91,"07/31/2025",108,5,0,0.27
"https://amazon.com/dp/B01LXCVYZ7","https://m.media-amazon.com/images/I/51KWMWx63FL._SX450_.jpg","B01LXCVYZ7","boshiho Office Lanyard, PU Leather Necklace Lanyard with Strong Clip and Keychain for Keys, ID Badge Holder, USB or Cell Phone (Black)","boshiho","FBA","Office Products",45463,"N/A","N/A","N/A","N/A","Badge Holders",1300,6.99,-17,260,162,22,1882.68,1127.18,1600,4.5,"boshiho","China",1,2891,-32,"Small Standard-Size",0.5,3.5,3.5,0.05,3.08,8.51,"03/31/2024",108,4,18,0.16
"https://amazon.com/dp/B008M11XVO","https://m.media-amazon.com/images/I/71DyjGvUfPL._SX450_.jpg","B008M11XVO","Avery Printable Blank Rectangle Labels, 3"" x 3.75"", Pearlized Ivory, 48 Customizable Labels (22823)","Avery","Amazon","Office Products",38193,823019493683,50072782228236,0823019493683,"N/A","All-Purpose Labels",684,12.99,-23,134,107,-5,3165.15,1382.32,559,4.7,"Amazon","N/A",6,0,"N/A","Small Standard-Size",0.28,9.33,12.05,0.33,"N/A","N/A","07/31/2025",158,9,6,0.24
"https://amazon.com/dp/B000783OSA","https://m.media-amazon.com/images/I/71yHxo6GAbL._SX450_.jpg","B000783OSA","Universal Rubber Bands, Size 32, 3"" x 1/8"", 205 Pack (432)","Universal","FBA","Office Products",84414,087547004326,00087547004326,0087547004326,"N/A","Rubber Bands",444,6.35,-12,100,100,179,633.24,632.09,262,4.3,"Tee Cottons","USA",48,805,"N/A","Large Standard-Size",2.05,3.86,5.16,0.24,20.56,56.71,"07/31/2025",173,4,1,0.38
"https://amazon.com/dp/B00VEXN7TS","https://m.media-amazon.com/images/I/41DlRasyJbL._SX450_.jpg","B00VEXN7TS","Valuetoner Remanufactured Ink Cartridge Replacement for HP 74 Black Ink Cartridge CZ069FN CB335WN for OfficeJet J5700 J6400 PhotoSmart C4200 C4300 C4400 C4500 C5200 C5500 D5300 (2 Black)","Valuetoner","FBA","Office Products",73800,690443152475,"N/A",0690443152475,"N/A","Inkjet Ink Cartridges",2261,22.99,-16,78,83,,1704.25,1803.98,26838,4,"XIMAGE-TRADING","USA",3,0,"N/A","Large Standard-Size",1.57,2.95,5.71,0.26,13.31,36.73,"07/31/2025",126,6,0,0
"https://amazon.com/dp/B00290LPDU","https://m.media-amazon.com/images/I/616YmGyTs4L._SX450_.jpg","B00290LPDU","Charles Leonard Ball Bearing Compass with Golf Pencil, Metal, Up to 12 Inch Diameter, Silver (80360)","Charles Leonard","Amazon","Office Products",9662,809099104626,00026487803606,7487993718229,"N/A","Drafting Compasses",16,5.68,-6,2355,96,,9900.71,526.38,1829,4.4,"Amazon","N/A",1,5491,-47,"Large Standard-Size",0.83,3.43,6.89,0.07,"N/A","N/A","06/30/2024",231,2,16,1.29
"https://amazon.com/dp/B00BS7J5UK","https://m.media-amazon.com/images/I/51KROp7DM0L._SX450_.jpg","B00BS7J5UK","Pentel Ballpoint Pen Vicuna, Extra Fine, Black, Red, Blue, Green, Black (BXC45A)","Pentel","FBA","Office Products",15727,785525713115,04902506300294,4902506300294,"N/A","Ballpoint Pens",345,5.45,9,673,490,33,3673.67,2665.58,1554,4.4,"SALASALA JP","Japan",11,7992,-50,"Small Standard-Size",0.75,1.73,7.05,0.04,4.61,12.7,"06/30/2024",150,5,10,0.43
"https://amazon.com/dp/B003W0NO08","https://m.media-amazon.com/images/I/41pxUzcGUgL._SX450_.jpg","B003W0NO08","Dritz 3162 Quilter's Thumb Tacks with Extra Large Heads (65-Count), Silver","Dritz","Amazon","Office Products",40793,072879031621,00072879031621,0072879031621,"N/A","Pins & Tacks",243,5.69,-40,151,151,39,857.89,857.73,500,4.7,"Amazon","N/A",6,1521,36,"Large Standard-Size",0.87,2.8,5.43,0.22,"N/A","N/A","07/31/2025",199,5,0,0.3
"https://amazon.com/dp/B0013CNU6K","https://m.media-amazon.com/images/I/71jEBU57ayL._SX450_.jpg","B0013CNU6K","Neenah Astrobrights Premium Color Paper, 24 lb, 8.5 x 11 Inches, 500 Sheets, Galaxy Gold (22571)","Neenah","FBM","Office Products",45876,759598215715,00759598215715,0759598215715,"N/A","Colored Paper",105,17.15,-15,144,144,,2479.9,2479.34,161,4.6,"MyOfficeInnovations/Staples, Inc.","USA",47,0,"N/A","Large Standard-Size",2.72,8.86,11.34,6.03,"N/A","N/A","07/31/2025",233,2,2,0.9
"https://amazon.com/dp/B000A6V0JO","https://m.media-amazon.com/images/I/81EorPWStJL._SX450_.jpg","B000A6V0JO","Avery Heavy-Duty 1.5 Inch Binders 3 Ring, View Binder, 1.5 Inch EZD Ring, Black, Sturdy (79695)","Avery","FBM","Office Products",4749,077711796959,"N/A","N/A","N/A","View Binders",36,15.29,-8,2793,1155,5,57878.2,13305.76,2550,4.6,"HiTouch Business Services a BU of Staples","USA",32,37235,-28,"Large Standard-Size",2.4,11.24,11.57,0.88,"N/A","N/A","07/31/2024",209,8,10,1.1
"https://amazon.com/dp/B00B8GAQWW","https://m.media-amazon.com/images/I/61V+RLJkoqL._SX450_.jpg","B00B8GAQWW","ACCO Brands Premium Prong Fastener for Standard 2-Hole Punch, Complete Set, 2-Inch Capacity, Box of 50 (A7070022)","ACCO Brands","Amazon","Office Products",69574,050505700226,00050505700226,8271072808937,"N/A","Clips",524,12.69,-18,100,100,45,1103.38,1102.67,681,4.7,"Amazon","N/A",23,1201,13,"Large Standard-Size",1,3.29,5.49,0.53,"N/A","N/A","03/31/2025",170,2,0,0.15
"https://amazon.com/dp/B001RTS5WS","https://m.media-amazon.com/images/I/61J+qcUeD9L._SX450_.jpg","B001RTS5WS","Avery Binder Tabs Divider – Bulk 5‑Tab Write‑On Design, Tear‑Resistant Reinforced Holes, Fits Standard 3‑Ring Binder, White Recycled Index Paper, 36 Sets – Ideal for Students & Offices","Avery","FBM","Office Products",96147,999992325744,60072782115069,0999992325744,"N/A","Binder Index Dividers",547,32.49,-7,68,68,113,2099.67,2099.45,203,4.4,"Fast and Precise by Staples","USA",51,0,"N/A","Large Standard-Size",1.6,9.8,11.7,2.95,"N/A","N/A","02/28/2025",247,7,3,0.33
"https://amazon.com/dp/B000UC1ZJS","https://m.media-amazon.com/images/I/71vs+AI7vEL._SX450_.jpg","B000UC1ZJS","Vaultz Locking Clipboard with Storage - Heavy Duty Metal Clip Board Box Holds 8.5"" x 11"" Letter-Size Paper or Tablet Device - Combination Lock, Black","Vaultz","FBA","Office Products",23125,826030012307,00826030012307,0826030012307,"N/A","Clipboards",175,38.99,"N/A",445,78,-12,14234.41,2886.53,6427,4.4,"ISCP - Makers of Vaultz, Snap-N-Store and Find It","USA",1,6094,-46,"Large Standard-Size",3.23,11.38,13.5,2.2,249.84,689.2,"11/30/2023",233,6,13,0.07
"https://amazon.com/dp/B0034PU6Y8","https://m.media-amazon.com/images/I/41KS+yMfvbL._SX450_.jpg","B0034PU6Y8","(50) 12"" Variable Depth Record Mailers with One Side White","ValueMailers THE BOXERY","FBM","Office Products",67202,"N/A","N/A","N/A","N/A","Box Mailers",374,42.5,31,75,75,-55,3170.99,3170.84,668,4.6,"TheBoxery","USA",1,1183,3,"N/A",28,19,6,"N/A","N/A","N/A","12/31/2023",188,2,0,0.11
"https://amazon.com/dp/B007XZU9F6","https://m.media-amazon.com/images/I/61yhtKVPFGL._SX450_.jpg","B007XZU9F6","Rapid Classic K1 Plier Stapler, Chrome (90119)","Rapid","FBM","Office Products",16589,014065901196,00014065901196,0014065901196,"N/A","Heavy-Duty Staplers",15,20.28,-2,439,439,17,8760.07,8758.31,2034,4.6,"Fast and Precise by Staples","USA",77,5580,-9,"Large Standard-Size",0.97,3.35,7.83,0.8,"N/A","N/A","03/31/2024",233,6,1,0.22
"https://amazon.com/dp/B00O9N1BEI","https://m.media-amazon.com/images/I/61ufWJgveZL._SX450_.jpg","B00O9N1BEI","Kokuyo Stapleless Stapler, Harinacs Desktop & Handheld Staple-Free, Up to 5 Sheets No Staple Binding, Portable Compact Holeless Stapler, Green, Japan Import (SLN-MPH105G)","KOKUYO","FBA","Office Products",8637,"N/A","N/A",4901480304489,"N/A","Desktop Staplers",45,14,5,1249,333,36,16913,4343.94,10924,3.8,"RAINBOW COLOR","Japan",6,8994,259,"Large Standard-Size",1.42,4.72,6.26,0.44,21.12,58.27,"07/31/2025",131,9,8,0.11
"https://amazon.com/dp/B002A88T5S","https://m.media-amazon.com/images/I/71QhVwWtMFL._SX450_.jpg","B002A88T5S","Rhodia Wirebound Notepad - Lined 80 sheets - 6 x 8 1/4 - Black cover – Pack of 1","Rhodia","FBA","Office Products",7565,"N/A",03037921650196,3037921650196,"N/A","Spiral Notebooks",194,7.64,-13,1234,140,9,11782.33,1072.34,6866,4.8,"Kaizen8","USA",6,15630,37,"Small Standard-Size",0.51,7.8,8.62,0.51,17.32,47.78,"12/31/2024",174,4,19,0.18
"https://amazon.com/dp/B00ESWRD10","https://m.media-amazon.com/images/I/71cG71O318L._SX450_.jpg","B00ESWRD10","BAZIC Staples Standard (26/6) Metallic Color 3000/Pack, Stapler Refill Standard Size Staple, Assorted Colors, 1-Pack","BAZIC Products","FBA","Office Products",11067,764608006092,00764608006092,0764608006092,"N/A","Staples",26,4.4,-17,816,557,63,8331.38,2464.76,1887,4.7,"Sebago Distribution","USA",13,9679,"N/A","Small Standard-Size",0.67,2.17,3.94,0.22,2.88,7.96,"10/31/2024",143,7,5,0.43
"https://amazon.com/dp/B00M3DUI04","https://m.media-amazon.com/images/I/51QFDiFeWQL._SX450_.jpg","B00M3DUI04","AeroGreen Professional Logbook Correction Fluid by Aero Phoenix","Aero Phoenix","FBM","Office Products",78501,635323765109,"N/A",0635323765109,"N/A","Correction Fluid",17,15.99,11,95,95,-23,1079.73,1079.26,422,4.4,"Aviation Depot","USA",2,1403,-2,"Large Standard-Size",1.34,1.89,3.58,0.09,"N/A","N/A","08/31/2023",134,1,0,0.22
"https://amazon.com/dp/B0022SJMNO","https://m.media-amazon.com/images/I/717lYuruRBL._SX450_.jpg","B0022SJMNO","The Stikkiworks Co. Stikkidots Classroom Accessories","Stikkiworks","FBA","Office Products",110071,021869020503,00021869020503,0021869020503,"N/A","Early Childhood Education Materials",1519,8.82,62,136,136,283,1221.97,1221.28,271,4.3,"Zack's Edu Castle","USA",3,563,20,"Small Standard-Size",0.39,3.31,6.5,0.04,4.22,11.65,"07/31/2025",198,1,0,0.5
"https://amazon.com/dp/B000Y34V9E","https://m.media-amazon.com/images/I/81uRaLp9AXL._SX450_.jpg","B000Y34V9E","Avery Semi-Clear Standard Weight Sheet Protectors, Top Load, 100 Document Protectors (75536)","Avery","FBM","Office Products",13938,077711755369,00077711755369,0077711755369,"N/A","Sheet Protectors, Card & Photo Sleeves",84,18.49,2,1438,81,180,14035.85,1377.17,1058,4.7,"Shoplet","USA",28,6443,-3,"Large Standard-Size",1.61,9.76,12.28,1.74,"N/A","N/A","07/31/2024",225,8,5,1.36
"https://amazon.com/dp/B0006HWN02","https://m.media-amazon.com/images/I/819jY-rGdGL._SX450_.jpg","B0006HWN02","TOPS Employee Record Master File Jacket, 1-1/4 Inch Expandable, 11.75 x 9.5 Inches, Manila, 15-Pack (32801)","Tops","FBM","Office Products",62941,025932328015,00025932328015,0025932328015,"N/A","Manila",75,21.85,-15,88,88,-28,2067.09,2066.41,92,4.5,"MyOfficeInnovations/Staples, Inc.","USA",41,1015,3,"Large Standard-Size",1.46,9.61,11.81,1.12,"N/A","N/A","05/31/2024",247,2,0,0.96
"https://amazon.com/dp/B00006IC1T","https://m.media-amazon.com/images/I/51-MvHVUbDL._SX450_.jpg","B00006IC1T","Safco Compact Rolling Cart, Fits Letter and Legal-Size Hanging Folders, Mobile File Storage, Steel, Black","Safco","Amazon","Office Products",77131,999994021743,00073555527728,5694411175010,"N/A","Utility Carts",339,65.5,-22,60,60,102,3973.34,3973.01,459,4.4,"Amazon","N/A",28,573,"N/A","Large bulky",4.33,15.67,16.97,8.38,"N/A","N/A","05/31/2024",277,3,0,0.13
"https://amazon.com/dp/B001B0EEGE","https://m.media-amazon.com/images/I/71f3F3skATL._SX450_.jpg","B001B0EEGE","Redi-Tag Laser Index Tabs, Divider Tabs, Permanent Adhesive Indexes, Customizable Divider Labels, 1-1/8"" x 1-1/4"", Assorted Colors, 100 Tabs (B33120)","Redi-Tag","Amazon","Office Products",36448,012534331208,00012534331208,0012534331208,"N/A","Index Tabs",216,9.5,-11,337,61,173,4504.55,735.42,383,4.1,"Amazon","N/A",33,0,"N/A","Small Standard-Size",0,7.87,10.63,0.09,"N/A","N/A","01/31/2025",209,3,4,0.88
"https://amazon.com/dp/B000AMKKBC","https://m.media-amazon.com/images/I/61cKtID4pHL._SX450_.jpg","B000AMKKBC","Quartet Cork Board Bulletin Board, 23"" x 35"" Framed Corkboard, Oak Frame, Decorative Hanging Pin Board, Perfect for Office & Home Decor, Home School Message Board or Vision Board (35-380352)","Quartet","Amazon","Office Products",1182,026426380359,00026426380359,0026426380359,"N/A","Bulletin Boards",5,24.99,-11,3390,1261,57,90357.81,31539.51,23724,4.6,"Amazon","N/A",13,57546,10,"Large bulky",1.18,23.23,39.17,3.66,"N/A","N/A","08/31/2024",219,6,2,0.14
"https://amazon.com/dp/B00SKAU9DA","https://m.media-amazon.com/images/I/41KUNkS35TL._SX450_.jpg","B00SKAU9DA","Milwaukee 48-22-3100 Inkzall Jobsite Fine Point Black Permanent Marker 12 Pack","Milwaukee","FBM","Office Products",66233,045242319473,"N/A",0045242319473,"N/A","Permanent Markers",555,11.97,9,300,300,36,3018.5,3018.3,2582,4.8,"Bargain-Snipers","USA",3,2111,136,"Large Standard-Size",1.77,3.27,5.63,0.31,"N/A","N/A","07/31/2025",128,7,1,0.12
"https://amazon.com/dp/B01M4LUAMP","https://m.media-amazon.com/images/I/9115cKyBnDL._SX450_.jpg","B01M4LUAMP","Uni-Ball AIR - 0.7mm Medium Rollerball - 6 Pack - Blue - UBA-188-L","Uni-ball","FBA","Office Products",19631,"N/A","N/A",3668699985663,"N/A","Liquid Ink Rollerball Pens",62,8.1,-7,343,343,63,2780.54,2780.4,604,4.4,"The Midnight Store","India",11,4228,17,"Small Standard-Size",0.63,2.72,5.47,0.15,4.72,13.02,"01/31/2025",107,1,1,0.57
"https://amazon.com/dp/B0007P95JA","https://m.media-amazon.com/images/I/416EL4a+SxL._SX450_.jpg","B0007P95JA","LEARNING WRAP-UPS SELF-CORRECTING Multiplication Keys, Self Correcting Math Tool for Kids Grade Level 2-6, Yellow, (K103-SB)","LEARNING WRAP-UPS SELF-CORRECTING","FBA","Office Products",7933,018343000038,00018343000038,1834300003800,"N/A","Early Childhood Education Materials",63,10.99,-9,1649,594,102,28007.34,6527.67,3941,4.8,"Learning Wrap-Ups","USA",4,17090,4,"Large Standard-Size",1.06,2.09,6.02,0.24,6.71,18.52,"08/31/2024",219,6,8,0.42
"https://amazon.com/dp/B06XWXSY9L","https://m.media-amazon.com/images/I/71VVeQMc74L._SX450_.jpg","B06XWXSY9L","TTRWIN Key Lock Box for Outside, Resettable 4 Digit Combination Waterproof Lockbox, Key Safe Storage Security Lock Box, 5 Keys Large Capacity Wall Mounted LockBox for House Key, ID Card, Garage Key","TTRWIN","FBA","Office Products",18650,"N/A","N/A",6905208755872,"N/A","Security Lock Boxes",49,11.99,18,435,216,-56,4764.48,2309.61,2030,4.6,"TTRWIN","China",1,11753,"N/A","Large Standard-Size",1.77,3.82,5.16,0.73,17.57,48.46,"12/31/2024",102,8,8,0.21
"https://amazon.com/dp/B002MCZA1S","https://m.media-amazon.com/images/I/812oVaebYOL._SX450_.jpg","B002MCZA1S","Officemate Ringbinder Clipboard Storage Box, Charcoal (83309), 13"" x 10.8"" x 2""","Officemate","FBM","Office Products",85031,042491833095,00042491833095,0042491833095,"N/A","Storage Clipboards",16,28.97,15,76,76,,2120.09,2119.65,943,4.2,"OfficeWorld Store","USA",17,0,"N/A","Large Standard-Size",1.6,11.4,13,1.45,"N/A","N/A","07/31/2025",193,8,2,0.08
"https://amazon.com/dp/B0006HVWB8","https://m.media-amazon.com/images/I/312cL6ed2hL._SX450_.jpg","B0006HVWB8","Quality Park #10 Left Window Security Tinted Envelopes with a Self Seal Closure for Standard Business Mailings, 24 lb. White Wove, 4-1/8 x 9-1/2, 500 per Box (21418)","Quality Park","FBM","Office Products",53972,999994011577,50085227214183,7478789823845,"N/A","Business Envelopes",163,37.11,-9,120,120,,4851.89,4851.07,159,4.4,"MyOfficeInnovations/Staples, Inc.","USA",24,0,"N/A","Large Standard-Size",4.29,9.96,12.44,6.22,"N/A","N/A","06/30/2025",247,6,2,0.76
"https://amazon.com/dp/B001YI962U","https://m.media-amazon.com/images/I/71Vn1gb-kJL._SX450_.jpg","B001YI962U","Rite in the Rain Weatherproof Black Metal Tactical Clicker Pen - Blue Ink (No. 97B)","Rite in the Rain","Amazon","Office Products",6845,632281097211,00632281097211,0632281097211,"N/A","Ballpoint Pens",138,21.15,5,1410,125,-19,41690.24,2643.77,5754,4.6,"Amazon","N/A",19,21322,10,"Small Standard-Size",0.47,2.2,6.81,0.04,"N/A","N/A","07/31/2024",188,4,6,0.25
"https://amazon.com/dp/B0041HTBQ2","https://m.media-amazon.com/images/I/71+awmXFhQS._SX450_.jpg","B0041HTBQ2","HIC Kitchen Architec Stretch Cooking Trussing Bands, Medical-Grade Silicone, Set of 25","HIC Kitchen","FBA","Office Products",86548,832277009543,"N/A",0832277009543,"N/A","Rubber Bands",459,9.99,8,93,93,-51,979.34,979.13,380,4.3,"DealsDelivered","USA",2,1449,"N/A","Large Standard-Size",1.97,4.92,6.73,0.09,32.84,90.6,"10/31/2024",127,3,0,0.25
"https://amazon.com/dp/B00XJU1V4W","https://m.media-amazon.com/images/I/61Up1hb8lhL._SX450_.jpg","B00XJU1V4W","JAM PAPER Heavy Duty Plastic 2 Pocket Extra Tough School Folders - Assorted Fashion Colors - 6/Pack","JAM Paper","FBA","Office Products",1013,707152633543,"N/A",0707152633543,"N/A","Project Folders",15,14.99,5,10633,673,,264024.15,8811.4,3338,4.7,"JAM Paper & Envelope","USA",2,31499,2,"Large Standard-Size",1.26,9.53,11.81,1.15,71.4,196.96,"08/31/2024",124,9,77,3.19
"https://amazon.com/dp/B00UNVWEIC","https://m.media-amazon.com/images/I/51ghMLh6wjL._SX450_.jpg","B00UNVWEIC","Mavalus Tape 1"" Wide X 324"" 4-Pack","Mavalus","FBM","Office Products",25047,"N/A","N/A","N/A","N/A","Transparent Tape",102,29.88,"N/A",842,842,,25158.87,25150.4,1130,4.8,"Exceptional School Products","USA",1,6353,-62,"Large Standard-Size",1.18,4.21,5,0.29,"N/A","N/A","07/31/2024",125,1,0,0.75
"https://amazon.com/dp/B00FXRIJJY","https://m.media-amazon.com/images/I/619U+Z1KiGL._SX450_.jpg","B00FXRIJJY","Kikkerland Mini Retro Pens, Set of 5 (4329S)","Kikkerland","Amazon","Office Products",63720,612615067547,00612615067547,0612615067547,"N/A","Ballpoint Pens",1583,9.53,21,78,78,-23,669.47,668.97,1082,4.5,"Amazon","N/A",2,1194,-2,"Small Standard-Size",0.51,2.01,4.49,0.07,"N/A","N/A","11/30/2024",139,8,0,0.07
"https://amazon.com/dp/B0013CLN2S","https://m.media-amazon.com/images/I/81ZKT6zBgrL._SX450_.jpg","B0013CLN2S","Avery Clean Edge Printable Business Cards with Sure Feed Technology, 2"" x 3.5"", White, 400 Blank Cards for Laser Printers (5877)","Avery","Amazon","Office Products",11920,072782058777,00072782058777,0072782058777,"N/A","Business Cards",19,24.01,-15,991,450,37,43331.45,10701.69,827,4.6,"Amazon","N/A",28,0,"N/A","Large Standard-Size",0.87,8.82,11.34,1.68,"N/A","N/A","07/31/2025",225,9,5,1.2
"https://amazon.com/dp/B00002QUL0","https://m.media-amazon.com/images/I/41Zom9RiOgL._SX450_.jpg","B00002QUL0","DYMO Authentic LW Mailing Address Labels | DYMO Labels for LabelWriter Label Printers (1-1/8"" x 3-1/2""), 2 Rolls of 130 (260 Total)","DYMO","FBM","Office Products",33781,999990974807,60071701302511,7044447822293,"N/A","Address Labels",102,13.34,-5,191,166,-35,2892.78,2209.95,818,4.7,"HiTouch Business Services a BU of Staples","USA",31,2399,"N/A","Large Standard-Size",2.36,2.44,3.19,0.26,"N/A","N/A","06/30/2025",247,7,2,0.23
"https://amazon.com/dp/B001U8G0ZA","https://m.media-amazon.com/images/I/51NRpwDXVsL._SX450_.jpg","B001U8G0ZA","Pilot, Precise P-700 Gel Ink Rolling Ball Stick Pens, Fine Point 0.7 mm, Blue, Pack of 12","PILOT","Amazon","Office Products",15927,072838386113,00072838386113,0072838386113,"N/A","Gel Ink Rollerball Pens",437,21.37,8,588,254,76,11205.71,4928.22,1385,4.7,"Amazon","N/A",31,6524,25,"Large Standard-Size",1.02,3.74,5.63,0.3,"N/A","N/A","01/31/2025",219,2,4,0.42
"https://amazon.com/dp/B000F8TFRQ","https://m.media-amazon.com/images/I/81W5nfYYxoL._SX450_.jpg","B000F8TFRQ","Trend Certificate of Achievement Classic Certificates, 8-1/2"" x 11"", 30 Count","Trend Enterprises","FBA","Office Products",43045,078628025620,00078628025620,0078628025620,"N/A","Awards & Certificates",33,7.49,-8,140,140,,1106.77,1105.23,539,4.6,"Zack's Edu Castle","USA",6,0,"N/A","Small Standard-Size",0.28,8.46,11.02,0.42,13.14,36.26,"06/30/2025",219,1,0,0.26
"https://amazon.com/dp/8862931018","https://m.media-amazon.com/images/I/817p9zzeXOL._SX450_.jpg",8862931018,"Moleskine Cahier Journal, Soft Cover, Large (5"" x 8.25"") Ruled/Lined, Black, 80 Pages (Set of 3)","Moleskine","Amazon","Office Products",23348,"N/A",09788862931014,9788862931014,8862931018,"Hardcover Executive Notebooks",254,10.96,-32,326,326,,3588.86,3588.69,20660,4.7,"Amazon","N/A",19,456,-48,"Small Standard-Size",0.59,5.12,8.31,0.75,"N/A","N/A","07/31/2025",132,6,0,0.02
"https://amazon.com/dp/B00LPMGUX8","https://m.media-amazon.com/images/I/71ivvztDUAL._SX450_.jpg","B00LPMGUX8","Pentel EnerGel Deluxe RTX Liquid Gel Ink Pen Set Kit, Pack of 3 with 4 Refills (Blue - 0.7mm)","Pentel","FBA","Office Products",74642,725122995095,"N/A",0725122995095,"N/A","Gel Ink Rollerball Pens",1478,8.99,-7,97,97,-24,872.86,871.74,982,4.8,"Zbeem","USA",11,1510,-25,"Small Standard-Size",0.75,2.83,6.38,0.09,6.82,18.81,"09/30/2023",134,1,0,0.1
"https://amazon.com/dp/B000DT87J4","https://m.media-amazon.com/images/I/41h9lSBHzmL._SX450_.jpg","B000DT87J4","Quality Park 10 x 13 Catalog Envelopes with Self Seal Closure, 28 lb Brown Kraft, Great Option for Mailing, Storage and Organizing, 100 per Box (44762)","Quality Park","FBM","Office Products",48082,799916163069,00085227447623,0799916163069,"N/A","Catalog Envelopes",53,21.67,-12,187,166,-27,3984.6,3493.23,586,4.6,"HiTouch Business Services a BU of Staples","USA",26,0,"N/A","Large Standard-Size",2.99,10.43,13.43,4.89,"N/A","N/A","05/31/2025",205,5,4,0.32
"https://amazon.com/dp/B004L17GR4","https://m.media-amazon.com/images/I/610m0aGA-pL._SX450_.jpg","B004L17GR4","Pentel Refill Ink for EnerGel Liquid Gel Pen, (1.0mm), Bold Line, Metal Tip, Blue Ink, Box of 12 (LR10-C)","Pentel","Amazon","Office Products",16165,072512167205,00072512167205,0072512167205,"N/A","Pen Refills",81,13.45,-7,579,175,-15,7715.32,2346.37,39318,4.8,"Amazon","N/A",6,7728,"N/A","Large Standard-Size",0.94,2.28,7.2,0.11,"N/A","N/A","05/31/2024",157,7,4,0.01
"https://amazon.com/dp/B003CXUQ4M","https://m.media-amazon.com/images/I/21d+k2Sb0gL._SX450_.jpg","B003CXUQ4M","Faber-Castell Art & Graphic Polychromos Colour Pencil, (199), Black, for Art, Craft, Drawing, Sketching, Home, School, University, Colouring","Faber-Castell","FBA","Office Products",7659,"N/A",04005401101994,4005401101994,"N/A","Coloring Pens & Markers",255,6,15,901,398,-18,5537.71,2652.67,8411,4.7,"GE Super Deals","Bulgaria",9,15164,16,"Small Standard-Size",0.35,1.42,6.65,0.04,1.68,4.64,"12/31/2024",196,3,133,0.11
"https://amazon.com/dp/B073WJR9DH","https://m.media-amazon.com/images/I/91G8h+uXUFL._SX450_.jpg","B073WJR9DH","IMPRINT360 Secure Marker Redacting Pen, (6-Markers) Perfect for Blacking out Private Information (","IMPRINT360","FBA","Office Products",99598,"N/A","N/A","N/A","N/A","Permanent Markers",747,21.95,-9,50,50,-40,1099.99,1099.84,56,3.9,"Supply 360","USA",2,846,8,"Small Standard-Size",0.75,4.57,6.73,0.26,11.61,32.04,"02/29/2024",98,3,0,0.91
"https://amazon.com/dp/B00ZX3W2SM","https://m.media-amazon.com/images/I/71PsbfBcnFL._SX450_.jpg","B00ZX3W2SM","CanonInk Photo Paper, Pro Premium, Matte 13x19 (50 Sheets) (8657B010) , White , A4","CanonInk","Amazon","Office Products",49973,013803245073,00013803245073,0013803245073,"N/A","Photo Paper",129,59.99,-21,136,136,-47,8290.26,8290.02,285,4.5,"Amazon","N/A",3,1966,5,"Large bulky",0.87,13.25,19.37,4.45,"N/A","N/A","10/31/2023",98,1,0,0.48
"https://amazon.com/dp/B0006SV5OG","https://m.media-amazon.com/images/I/71MIPcrm5iL._SX450_.jpg","B0006SV5OG","Smead Poly Wallet, Accordion File Organizer for File Folders, Letter Size, Blue, 5-1/4 inch Expansion, Office Supplies, Document Organizer (71503)","SMEAD","FBM","Office Products",20344,086486715034,00086486715034,0086486715034,"N/A","File Jackets & File Pockets",124,13.63,-9,406,130,-67,5640.66,1683.06,1664,4.7,"Fast and Precise by Staples","USA",25,0,"N/A","Large Standard-Size",1.1,10.3,13.4,0.6,"N/A","N/A","04/30/2025",205,3,9,0.24
"https://amazon.com/dp/B01HDNVF14","https://m.media-amazon.com/images/I/51ZU3P9wNBL._SX450_.jpg","B01HDNVF14","Hagoromo Fulltouch Color Chalk 1 Box [12 Pcs/White]","Hagoromo","FBA","Office Products",3609,"N/A","N/A",8809486320143,"N/A","Chalk",4,10.5,20,1805,864,42,30628.87,11167.12,2805,4.7,"SEJONGMALL","Korea, Republic of",3,23706,-6,"Small Standard-Size",0.63,3.03,7.8,0.37,7.5,20.68,"09/30/2023",111,6,3,0.64
"https://amazon.com/dp/B00004Z6I0","https://m.media-amazon.com/images/I/41kACrnIFGL._SX450_.jpg","B00004Z6I0","Avery Full-Sheet Printable Shipping Labels, 8.5"" x 11"" Customizable Stickers, White, 100 Blank Mailing Labels, Great for Mailing, Shipping, Organizing, and More (5165)","Avery","Amazon","Office Products",5766,072782051655,00072782051655,0072782051655,"N/A","Laser & Inkjet Printer Labels",52,27.44,-4,1909,1229,28,69765.41,33797.96,1356,4.8,"Amazon","N/A",45,18722,"N/A","Large Standard-Size",1.06,8.86,11.3,2.95,"N/A","N/A","07/31/2025",95,8,6,1.41
"https://amazon.com/dp/B00ABFTTN8","https://m.media-amazon.com/images/I/41AjzcVhNfL._SX450_.jpg","B00ABFTTN8","Uni Ballpoint Pen Jetstream 3 Color Red, Blue Ink 0.7mm, Transparent Black (SXE340007T.24)","三菱鉛筆","FBA","Office Products",28991,785525743563,04902778141946,4902778141946,"N/A","Ballpoint Pens",687,6,-6,121,121,10,707.08,706.9,473,4.4,"Sun Shine Port","Japan",6,0,"N/A","Small Standard-Size",0.51,1.22,5.59,0.02,1.75,4.83,"03/31/2025",144,6,0,0.26
"https://amazon.com/dp/B0071SZKWC","https://m.media-amazon.com/images/I/81dYS8XB-+L._SX450_.jpg","B0071SZKWC","The Superior Register's Premium Check Book Register & Debit Card Ledger Notebook - Checking Account Register, Business Ledger, Cash Log & Expense Tracker - Standard Edition - 1 Pc, Purple","The Superior Register","FBA","Office Products",15225,850498008022,"N/A",7487993759567,"N/A","Check Registers",18,9.29,"N/A",698,53,88,7475.2,487.52,9807,4.7,"The Superior Register","USA",1,8409,-50,"Small Standard-Size",0.47,7.76,8.43,0.35,15.48,42.7,"12/31/2023",156,9,16,0.52
"https://amazon.com/dp/B01LYK4Y59","https://m.media-amazon.com/images/I/61F9ejfWtCL._SX450_.jpg","B01LYK4Y59","Great Papers! Painted Pumpkin Letterhead, 80 count, 11"" x 8.5"" (2015086)","Great Papers!","Amazon","Office Products",64082,601952150869,00601952150869,0601952150869,"N/A","Stationery",185,12.69,-7,102,102,4650,1288.31,1287.17,129,4.7,"Amazon","N/A",2,934,21,"Large Standard-Size",0.43,8.5,10.98,1.1,"N/A","N/A","08/31/2024",108,2,3,0.79
"https://amazon.com/dp/B01N4L10YX","https://m.media-amazon.com/images/I/61ibim8gfcL._SX450_.jpg","B01N4L10YX","Sympathy Cards with Envelopes - 48 Pack, Pastel Floral, 4 x 6 in - Blank Inside Condolence Cards Bulk - Floral Assortment for Memorials & Bereavement","Paper Junkie","FBA","Office Products",50111,709257567525,"N/A",0709257567525,"N/A","Greeting Cards",3470,14.3,2,152,152,69,2131.67,2130.68,1113,4.7,"Infinite-Commerce","USA",1,1605,"N/A","Large Standard-Size",2.83,4.54,6.53,1.34,42.21,116.45,"07/31/2024",102,8,1,0.14
"https://amazon.com/dp/B00JRD4QMY","https://m.media-amazon.com/images/I/61ir52SyhAL._SX450_.jpg","B00JRD4QMY","Pilot Dr.Grip Retractable Ball Point Pen, Medium Point, Black Ink - Pack of 3 (Black)","PILOT","FBA","Office Products",24858,072838362001,"N/A",0072838362001,"N/A","Ballpoint Pens",562,19.89,-9,466,466,10,9097.22,9094.45,1054,4.7,"Zbeem","USA",18,4301,"N/A","Large Standard-Size",1.02,4.02,7.48,0.18,15.44,42.6,"07/31/2025",137,3,0,0.44
"https://amazon.com/dp/B015PSMCD4","https://m.media-amazon.com/images/I/61pdCxW95bL._SX450_.jpg","B015PSMCD4","EasyPAG Heavy Duty Magazine File Holder Rack Paper Book Storage Office Desk Organizer, White","EasyPAG","FBA","Office Products",64091,761425946914,"N/A",0761425946914,"N/A","File Folder Racks & Holders",107,16.99,-4,152,57,138,2588.72,973.83,173,4.7,"EasyPAG Direct","China",1,1184,-5,"Large Standard-Size",3.27,10.12,13.11,1.41,218.43,602.56,"02/28/2025",120,7,4,0.88
"https://amazon.com/dp/B00Z7BOPQW","https://m.media-amazon.com/images/I/61+12MX9IQL._SX450_.jpg","B00Z7BOPQW","1ST COMMEMORATIVE National Park Quarters Complete Date Set America the Beautiful Coins in Deluxe Color Book","1ST COMMEMORATIVE","FBA","Office Products",80524,892062001381,"N/A",0892062001381,"N/A","Early Childhood Education Materials",1086,64.95,4,81,81,-15,5250.62,5249.68,531,4.7,"First Commemorative Mint","USA",1,1500,-21,"Large Standard-Size",0.94,11.02,17.01,2.47,88.71,244.73,"11/30/2023",121,9,0,0.15
"https://amazon.com/dp/B00NOAPL1Q","https://m.media-amazon.com/images/I/611AbrOwySL._SX450_.jpg","B00NOAPL1Q","Fellowes Thermal Laminating Pouches, ImageLast, Jam Free Letter Size, 3 Mil, 200 Pack (5244101)","Fellowes","FBM","Office Products",85636,043859681457,00043859681457,0043859681457,"N/A","Laminating Supplies",260,30.71,3,64,64,,1761.73,1761.04,127,4.4,"Fast and Precise by Staples","USA",27,0,"N/A","Large Standard-Size",1.26,9.29,11.85,5.18,"N/A","N/A","06/30/2025",132,8,1,0.5
"https://amazon.com/dp/B00VUT2NBE","https://m.media-amazon.com/images/I/61rLkcuepSL._SX450_.jpg","B00VUT2NBE","Poppin Retractable Gel Luxe Pens, Aqua, Package Of 6, Blue Ink","Poppin","FBA","Office Products",41625,846680024673,"N/A",0846680024673,"N/A","Gel Ink Rollerball Pens",955,12.99,3,214,86,736,2725.67,1116.89,995,4.5,"Poppin","USA",6,2387,"N/A","Small Standard-Size",0.47,2.6,5.79,0.15,3.58,9.87,"11/30/2024",104,9,4,0.22
"https://amazon.com/dp/B003EV7D1Q","https://m.media-amazon.com/images/I/616doFDm4vL._SX450_.jpg","B003EV7D1Q","Akro-Mils 30138 Plastic Shelf Bins, Heavy Duty Storage Bins for Garage, Closet, and Drawer Organization, 18-Inch x 6-1/2-Inch x 4-Inch, Blue, 12-Pack","Akro-Mils","FBM","Office Products",39688,032903013818,00032903013818,0032903013818,"N/A","Drawer Organizers",208,56.61,2,240,119,25,14984.97,7500.02,252,4.6,"Hudson Exchange","USA",14,2595,21,"Large bulky",7.5,15.5,18,7.9,"N/A","N/A","07/31/2025",191,10,9,0.95
"https://amazon.com/dp/B01MTV3LFA","https://m.media-amazon.com/images/I/91YJDgmuxHL._SX450_.jpg","B01MTV3LFA","American Greetings 1st Birthday Card for Girl (Minnie Mouse, Dream Big)","American Greetings","Amazon","Office Products",18242,605030112770,"N/A",0605030112770,"N/A","Greeting Cards",1124,4.99,-32,420,420,38,2094.66,2090.34,1428,4.8,"Amazon","N/A",1,0,"N/A","Large Standard-Size",1,6,7,0.2,"N/A","N/A","02/28/2025",99,5,2,0.29
"https://amazon.com/dp/B00M2KLPIW","https://m.media-amazon.com/images/I/61a1vq-SSoS._SX450_.jpg","B00M2KLPIW","Retro 1951 Short Capless Rollerball Ink Refill Fine Tip, Schmidt P8126, P8126 Short Black, 2-Pack Schmidt Capless Roller Ball Refills, fits Retro 51 Tornado Roller Ball Pens.","SCHMIDT","FBA","Office Products",80930,"N/A","N/A","N/A","N/A","Pen Refills",590,4.95,-32,68,68,2,456.29,455.82,108,4.2,"Pens By Lanier","USA",5,665,-12,"Small Standard-Size",0.31,2.72,4.76,0.02,2.02,5.57,"12/31/2023",134,3,0,0.64
"https://amazon.com/dp/B0166DFIH4","https://m.media-amazon.com/images/I/61JmG06PqZL._SX450_.jpg","B0166DFIH4","Pentel EnerGel RTX Gel Pens, Black Ink, Dozen","Pentel","FBM","Office Products",23062,884851017093,00884851017093,0884851017093,"N/A","Gel Ink Rollerball Pens",589,19.2,-5,305,127,-44,6004.87,2501.4,864,4.8,"HiTouch Business Services a BU of Staples","USA",13,5529,"N/A","Large Standard-Size",1.18,2.83,5.94,0.37,"N/A","N/A","12/31/2024",113,15,5,0.35
"https://amazon.com/dp/B008X09LG8","https://m.media-amazon.com/images/I/61hj9ZOu2HL._SX450_.jpg","B008X09LG8","Alliance Rubber 97405 Advantage Rubber Bands Size #117B, 1 lb Box Contains Approx. 200 Bands (7"" x 1/8"", Red)","Alliance","Amazon","Office Products",83536,071815974053,00071815974053,0071815974053,"N/A","Rubber Bands",446,8.22,-16,88,88,-13,697.94,697.12,22671,4.7,"Amazon","N/A",1,0,"N/A","Large Standard-Size",3.39,4.96,7.95,0.95,"N/A","N/A","07/31/2025",157,5,1,0
"https://amazon.com/dp/B0044WVO64","https://m.media-amazon.com/images/I/91MfjryHEXL._SX450_.jpg","B0044WVO64","EXPO 80008 Low-Odor Dry Erase Markers, Chisel Tip, Purple, 12-Count","EXPO","FBM","Office Products",11744,071641800083,00071641800083,0071641800083,"N/A","Dry Erase & Wet Erase Markers",140,15.97,-8,1452,1452,351,23041.67,23038.5,638,4.7,"HiTouch Business Services a BU of Staples","USA",24,6278,101,"Large Standard-Size",2.2,3.35,5.31,0.44,"N/A","N/A","07/31/2025",192,9,1,2.28
"https://amazon.com/dp/B000093IN4","https://m.media-amazon.com/images/I/71tBkSvn1IL._SX450_.jpg","B000093IN4","TOPS Gregg Prism Steno Notebooks (TOP80264) 6"" x 9""","Tops","FBM","Office Products",31819,025932802645,00025932802645,0025932802645,"N/A","Steno Pads",31,19.68,50,365,120,1,6423.38,2243.8,3291,4.7,"MyOfficeInnovations/Staples, Inc.","USA",37,6010,-17,"Large Standard-Size",1.42,6.1,9.61,1.87,"N/A","N/A","09/30/2023",127,7,8,0.11
"https://amazon.com/dp/B000083D2D","https://m.media-amazon.com/images/I/61NnFKFauHL._SX450_.jpg","B000083D2D","Safco Literature Organizer, 24 Compartments, Office and Classroom Mailbox with Adjustable Shelves, Wood Paper and Mail Sorter, Medium Oak","Safco","FBM","Office Products",11045,999993725659,00073555942309,1320010556717,"N/A","Envelopes, Mailers & Shipping Supplies",850,140.98,"N/A",1757,84,160,199573.61,11823.16,3599,4.2,"Fast and Precise by Staples","USA",21,0,"N/A","Large bulky",5,14,42.75,39.4,"N/A","N/A","07/31/2025",242,6,19,0.49
"https://amazon.com/dp/B00V1673PM","https://m.media-amazon.com/images/I/31BJW9RMFfL._SX450_.jpg","B00V1673PM","Lamy Fountain Pen Ink Cartridges, Blue Ink, Pack of 20 (LT10BLB)","Lamy","FBA","Office Products",54367,787463886920,"N/A",0787463886920,"N/A","Pen Refills",386,14.94,31,196,196,-33,2742.58,2740.76,1502,4.8,"Archer Company","Turkey",5,3302,-19,"Large Standard-Size",1.14,3.15,3.74,0.11,6.77,18.68,"11/30/2023",126,6,0,0.13
"https://amazon.com/dp/B009G1QIXW","https://m.media-amazon.com/images/I/81u6MFLzxUL._SX450_.jpg","B009G1QIXW","Notebook Planner, 4 Column Appointment Book – Large 8.5"" x 13.5"" Undated 2025 Planner, Daily & Hourly Planner in 15 Minute Increments – Spiral Notebook Organizer for Scheduling Appointments (4 Columns)","Portage","FBA","Office Products",5667,859670003305,"N/A",0859670003305,"N/A","Planners",166,20.49,11,1779,434,23,38810.82,8879.63,5364,4.6,"Portage Notebooks, LLC","USA",1,20575,9,"Large Standard-Size",0.98,8.7,13.62,1.7,58.47,161.28,"12/31/2024",156,9,7,0.33
"https://amazon.com/dp/B01M8M7MH2","https://m.media-amazon.com/images/I/61dACs59ZhL._SX450_.jpg","B01M8M7MH2","Wisdompro Fashion Lanyard, Women's Chain Lanyard Necklace with Metal Clasp and Keyring for Keys, ID Badge Card Holder - Stud Chain","Wisdompro","FBA","Office Products",85888,"N/A","N/A","N/A","N/A","Badge Holders",2574,8.99,-10,138,106,246,1237.03,947.5,494,3.8,"Wisdompro","China",1,937,7,"Small Standard-Size",0.28,2.36,7.48,0.04,2.45,6.76,"07/31/2025",103,8,3,0.28
"https://amazon.com/dp/B008PS3REA","https://m.media-amazon.com/images/I/719+khrYs-L._SX450_.jpg","B008PS3REA","ExcelMark Notary Stamp for All 50 States - Official State Seal - Minnesota","ExcelMark","FBM","Office Products",3499,"N/A","N/A","N/A","N/A","Stamps",9,19.99,8,2450,60,,48980.97,1198.62,6828,4.7,"ExcelMark USA","USA",1,0,"N/A","N/A","N/A","N/A","N/A","N/A","N/A","N/A","07/31/2025",135,5,90,0.36
"https://amazon.com/dp/B071GPFWWC","https://m.media-amazon.com/images/I/71WE7XflYWL._SX450_.jpg","B071GPFWWC","Perfect Fit Shield Wallets Florida Sheriff Five-Point Star Badge Holder (Black, Cutout PF185, 2.7 inches Tall)","Perfect Fit Shield Wallets","FBA","Office Products",40481,847206050367,"N/A",0847206050367,"N/A","Badge Holders",1136,21,-7,201,159,7,4615.03,3332.71,608,4.7,"WALLMARK","USA",2,2444,14,"Large Standard-Size",0.98,4.09,7.72,0.2,15.58,42.98,"04/30/2025",100,5,4,0.33
"https://amazon.com/dp/886293310X","https://m.media-amazon.com/images/I/81lgAdP2VkL._SX450_.jpg","886293310X","Moleskine Art Music Notebook, Hard Cover, Large (5"" x 8.25"") Pentagram, Black, 192 Pages","Moleskine","Amazon","Office Products",59845,"N/A",09788862933100,9788862933100,9788862933100,"Hardcover Executive Notebooks",734,25.5,-17,106,106,-4,3059.21,3059,775,4.7,"Amazon","N/A",5,0,"N/A","Small Standard-Size",0.75,5.28,8.27,0.82,"N/A","N/A","07/31/2025",190,5,0,0.14
"https://amazon.com/dp/B000GLQHLY","https://m.media-amazon.com/images/I/71AQWzo4y5L._SX450_.jpg","B000GLQHLY","Astrobrights® Color Card Stock, 8 1/2"" x 11"", FSC® Certified, 65 Lb, Terra Green™, Pack Of 250 Sheets","Neenah","FBM","Office Products",59767,759598217818,00759598217818,0759598217818,"N/A","Colored Paper",116,17.58,-5,104,104,,1835.96,1834.76,8573,4.8,"MyOfficeInnovations/Staples, Inc.","USA",40,0,"N/A","Large Standard-Size",2.52,8.78,11.34,5.75,"N/A","N/A","07/31/2025",95,5,2,0.01
"https://amazon.com/dp/B00YNZZ6GG","https://m.media-amazon.com/images/I/51VeXy00WWL._SX450_.jpg","B00YNZZ6GG","Staples #10 Business Envelopes, QuickStrip EasyClose Peel & Seal, Security-Tinted, 9.5 x 4.125 Inch, 500-Pack, White","STAPLES","FBM","Office Products",112922,718103107938,"N/A",0718103107938,"N/A","Clasp Envelopes",71,24.5,1,64,64,-9,1568.22,1568.03,29,4.4,"ALPHA LANDSCAPE","USA",5,682,135,"Large Standard-Size",12.7,10,4.5,6.5,"N/A","N/A","01/31/2025",123,7,0,2.21
"https://amazon.com/dp/B003QYJ7BA","https://m.media-amazon.com/images/I/91ENfzYoMzL._SX450_.jpg","B003QYJ7BA","Kantek Wall Mounted Acrylic Glove Box Holder Dispenser, 3 Box Capacity, for Use in Food Service, Healthcare, Hospitals, Restaurants, 10.3"" x 3.8"" x 16"", Clear","Kantek","FBA","Office Products",47324,809099234125,00750333801309,0885274604211,"N/A","Supply Organizers",381,36.26,-9,145,104,,5075.48,3782.33,999,4.5,"Kantek","USA",15,0,"N/A","Large Standard-Size",4.09,10.71,16.54,2.28,365.03,1006.97,"07/31/2025",219,2,7,0.14
"https://amazon.com/dp/B001E8ZAPM","https://m.media-amazon.com/images/I/71xheFBlZvL._SX450_.jpg","B001E8ZAPM","Staples Brand Large Rubber Bands 24 Pack","STAPLES","FBA","Office Products",49007,718103117630,"N/A",0718103117630,"N/A","Rubber Bands",254,9.99,-1,69,69,-13,686.46,685.65,698,4.7,"Tee Cottons","USA",2,1092,-19,"Large Standard-Size",0.83,4.49,10.16,0.22,19.06,52.59,"12/31/2023",174,2,0,0.1
"https://amazon.com/dp/B00168A18Q","https://m.media-amazon.com/images/I/71osS+6pV0L._SX450_.jpg","B00168A18Q","VELCRO Brand - Thin Clear Fasteners | General Purpose/ Low Profile | Perfect for Home, Classroom or Office | 5/8"" Dots Circles, 15 Count - Clear","VELCRO Brand","Amazon","Office Products",51581,075967913281,00075967913281,0075967913281,"N/A","Mounting Tape",391,5.19,5,143,89,-1,719.24,464,1720,4.4,"Amazon","N/A",7,2168,-48,"Small Standard-Size",0.55,2.95,7.13,0.02,"N/A","N/A","09/30/2023",198,7,2,0.08
"https://amazon.com/dp/B071RGZJRS","https://m.media-amazon.com/images/I/81iGeNnAmPL._SX450_.jpg","B071RGZJRS","Teacher Created Resources Colorful Fish Accents (TCR3549)","Teacher Created Resources","Amazon","Office Products",63250,088231935490,00088231935490,0088231935490,"N/A","Early Childhood Education Materials",811,7.99,-21,374,374,374,2984.42,2980.56,432,4.8,"Amazon","N/A",7,1360,-27,"Small Standard-Size",0.4,6.9,9.8,0.2,"N/A","N/A","07/31/2024",97,3,0,0.86
"https://amazon.com/dp/B01J53AUC0","https://m.media-amazon.com/images/I/71oqYx7feaL._SX450_.jpg","B01J53AUC0","SWANCROWN Enclosed Bulletin Board Tamper-Proof Cork Noticeboard Secure Information Board with Acrylic Door 26x20inch (4xA4)","S SWANCROWN","FBA","Office Products",39332,753210504201,"N/A",0753210504201,"N/A","Bulletin Boards",460,58.99,-20,216,127,-51,13491.47,7490.68,1072,4.6,"Swan Sea","China",1,0,"N/A","Large bulky",2.44,20.94,28.31,6.59,728.63,2010.01,"04/30/2025",108,9,11,0.2
"https://amazon.com/dp/B01DC8WM16","https://m.media-amazon.com/images/I/71QZ5yOAWxL._SX450_.jpg","B01DC8WM16","Registered Emotional Support Animal Certificate – Personalized ESA Certificate with Embossed Foil Seal, ESA Handout Cards, Duplicate Copy & Folder – Lifetime Registration – Made in USA","WORKINGSERVICEDOG.COM","FBM","Office Products",65140,"N/A",00810003291523,"N/A","N/A","Awards & Certificates",71,28,-8,105,105,-24,2926.76,2926.62,645,4.8,"Working Service Dog llc.","USA",1,1164,28,"N/A","N/A","N/A","N/A","N/A","N/A","N/A","05/31/2025",114,9,0,0.16
"https://amazon.com/dp/B01MQVW7HF","https://m.media-amazon.com/images/I/31sI7eDBVuL._SX450_.jpg","B01MQVW7HF","Dexas Slimcase 2 Plastic Clipboard with Storage and Side Opening, Black, Office Supplies Clipboards to Organize, Carry and Store, A4 Holder, Style and Functionality Nursing Clipboards","Dexas","Amazon","Office Products",12637,084297209872,00084297209872,0084297209872,"N/A","Clipboards",91,16.79,6,1399,447,,21110.84,6759.61,12920,4.6,"Amazon","N/A",1,0,"N/A","Large Standard-Size",0.87,9.45,12.4,0.82,"N/A","N/A","07/31/2025",105,7,13,0.11
"https://amazon.com/dp/B00JU77UIE","https://m.media-amazon.com/images/I/617wuyLWOnL._SX450_.jpg","B00JU77UIE","Stonehouse Collection Beach Notepad Pack - 4 Assorted Beach Notepads - USA Made","Stonehouse Collection","FBA","Office Products",85578,700953985217,"N/A",0700953985217,"N/A","Memo & Scratch Pads",522,9.99,-9,72,72,-39,723.37,722.53,331,4.6,"StonehouseCollection","USA",1,918,1,"Large Standard-Size",1,4.4,5.6,0.04,12.41,34.22,"11/30/2024",114,5,0,0.22
"https://amazon.com/dp/B01K5YRX0A","https://m.media-amazon.com/images/I/81B-Ko5HboL._SX450_.jpg","B01K5YRX0A","Dry Erase XY Axis Graph Lap Boards 9”X12” for Student and Classroom Use, Math whiteboards (Double Sided White Boards) Erasers Included (12 Pack Graph)","Scribbledo","FBA","Office Products",48923,852957008116,"N/A",0852957008116,"N/A","Dry Erase Boards",687,33.99,-8,344,344,245,11694.2,11694.06,402,4.7,"Mint NY","USA",2,1675,-25,"Large Standard-Size",2.44,9.17,12.24,4.81,137.88,380.37,"07/31/2024",109,9,3,0.86
"https://amazon.com/dp/B01MTVN2YX","https://m.media-amazon.com/images/I/51VjVa+a9JL._SX450_.jpg","B01MTVN2YX","Colorful Images Calm Seas Rolled Personalized Return Address Mailing Labels with Dispenser, Customize with Name & Shipping Address, 250 ¾” x 2½” Self Adhesive, Easy Peel Label Roll","Colorful Images","FBM","Office Products",16455,"N/A","N/A","N/A","N/A","Address Labels",60,14.49,-11,517,58,-31,7576.24,834.74,4034,4.7,"Colorful Images Site","USA",1,10516,-21,"N/A","N/A","N/A","N/A","N/A","N/A","N/A","10/31/2023",105,6,30,0.12
"https://amazon.com/dp/B0141MU8QS","https://m.media-amazon.com/images/I/71gn3G3Y3eL._SX450_.jpg","B0141MU8QS","SHARPIE Accent Highlighter Tank style Chisel Tip Fluorescent Yellow, Pack of 5 (1809200)","Sharpie","FBM","Office Products",113991,799916174966,"N/A",0799916174966,"N/A","Highlighters",723,12.99,60,57,57,,584.67,583.97,236,4.5,"High Volume Sales (Serial numbers recorded)","USA",3,122,"N/A","Large Standard-Size",1.54,5.39,6.02,0.18,"N/A","N/A","07/31/2025",95,2,0,0.24
"https://amazon.com/dp/B00CBMMXZ0","https://m.media-amazon.com/images/I/71A3a3DGGUS._SX450_.jpg","B00CBMMXZ0","PILOT FriXion Clicker Erasable, Refillable & Retractable Gel Ink Pens, Fine Point, Navy Blue Ink, 3-Pack (31468)","PILOT","FBA","Office Products",14966,072838314680,00072838314680,0072838314680,"N/A","Gel Ink Rollerball Pens",412,8.49,-2,655,207,-36,4790.37,1701.38,13856,4.7,"BestSource OfficeSupplies","USA",20,12097,-27,"Small Standard-Size",0.71,2.72,7.09,0.11,6.89,19.02,"09/30/2023",147,5,2,0.05
"https://amazon.com/dp/B00A6ZE6PE","https://m.media-amazon.com/images/I/81Cf54v1doL._SX450_.jpg","B00A6ZE6PE","Roaring Spring Environotes Recycled Notebook, 70 Sheets, 9.5"" x 6"", College Ruled, 1 Subject Notebook, Assorted Earthtone Cover Colors","ROARING SPRING","FBA","Office Products",97520,070972133600,00070972133600,0070972133600,"N/A","Subject Notebooks",571,6.09,-7,95,74,66,2204.26,449.82,360,4.6,"Roaring Spring Blank Book","USA",1,990,-10,"Small Standard-Size",0.43,6.18,9.49,0.57,12.7,35.03,"12/31/2023",140,11,6,0.27
"https://amazon.com/dp/B00R6RTTOS","https://m.media-amazon.com/images/I/61Dde4SByhL._SX450_.jpg","B00R6RTTOS","500 WristCo Red Hawaiian Flower Tyvek Wristbands for Events - Comfortable Tear Resistant Paper Bracelets ID Wrist Bands for Concerts Festivals Admission Party Identification","Wristco","FBA","Office Products",37235,857613005171,"N/A",0857613005171,"N/A","ID Wristbands",99,13.89,-10,194,86,-36,2688.35,1200.97,153,4.7,"Wristco","USA",1,0,"N/A","Small Standard-Size",0.63,7.56,11.1,0.37,26.62,73.42,"04/30/2025",174,4,7,1.27
"https://amazon.com/dp/B009R5JJCO","https://m.media-amazon.com/images/I/71amVHV0BJL._SX450_.jpg","B009R5JJCO","Ward 38 Name Class Record Book (9-10 Week Periods)","Ward","FBA","Office Products",37611,795840091027,00795840091027,0795840091027,"N/A","Record Books",64,9.99,-10,802,802,762,8169.01,8161.68,1230,4.7,"What America Buys","USA",6,2463,20,"Small Standard-Size",0.63,8.82,11.18,0.53,31.28,86.28,"07/31/2025",205,5,0,0.65
"https://amazon.com/dp/B06VXZ4TMT","https://m.media-amazon.com/images/I/51hT+S6lZ8L._SX450_.jpg","B06VXZ4TMT","NETUM Wireless Barcode Scanner, 2 in 1 2.4G Wireless & USB Wired 1D Laser Barcode Reader Handheld Bar Code Reader Cordless Rechargeable Bar Code Scanner for Computer MAC Laptop (NT-1698W)","NETUM","FBA","Office Products",4122,607885672089,"N/A",0607885672089,"N/A","Bar Code Scanners",2,27.5,5,2199,143,21,83271.88,3920.06,5172,4.4,"NETUM","China",2,24596,"N/A","Large Standard-Size",3.43,4.27,7.4,0.75,54.45,150.21,"12/31/2023",103,9,3,0.43
"https://amazon.com/dp/B0141MKU2A","https://m.media-amazon.com/images/I/71qC84KMMXL._SX450_.jpg","B0141MKU2A","Handwriting Without Tears Learning Without Tears Pencils for Little Hands, Age 5+, Kindergarten, 144#2 Graphite Pencils, Mini Pencils, Bulk School Supplies, Tutoring, Writing","Handwriting Without Tears","FBA","Office Products",60184,799916304257,"N/A",9781891627347,1891627341,"Wooden Lead Pencils",414,29.95,54,222,222,53,6638.28,6638.1,112,4.6,"Learning Without Tears","USA",1,1183,64,"Large Standard-Size",2.64,4.29,5.47,1.1,31.19,86.04,"07/31/2025",168,6,0,1.98
"https://amazon.com/dp/B01F6VE9WW","https://m.media-amazon.com/images/I/71rdvPfk23L._SX450_.jpg","B01F6VE9WW","MyGradDay Diploma Cover Diploma Holder Graduation Certificate Cover Smooth 8.5x11 Black","MyGradDay","FBA","Office Products",52538,737590589300,"N/A",0737590589300,"N/A","Certificate Covers",48,7.98,-2,182,93,-28,1453.28,738.57,400,4.6,"MyGradDay - MGD Venture LLC","China",2,2004,19,"Small Standard-Size",0.67,8.9,11.57,0.71,34.74,95.82,"05/31/2025",112,6,10,0.45
"https://amazon.com/dp/B0013NHU7E","https://m.media-amazon.com/images/I/61cbQ+vh7rL._SX450_.jpg","B0013NHU7E","Pentel Graph Gear 1000 Mechanical Drafting Pencil 0.4mm Green (PG1014)","Pentel","FBA","Office Products",2823,"N/A",04902506188380,8271072813863,"N/A","Mechanical Pencils",38,8.19,-5,3495,162,3,29675.34,1329.06,8058,4.7,"Japan Super Fine Select Shop.","Japan",15,41950,11,"Small Standard-Size",0.35,1.06,5.79,0.04,1.08,2.98,"06/30/2025",166,7,4,0.43
"https://amazon.com/dp/B00N58W7JG","https://m.media-amazon.com/images/I/71cOidYko9L._SX450_.jpg","B00N58W7JG","JAM PAPER Shipping Address Labels - Standard Mailing - 2 x 4 - Neon Fluorescent Green - 120/Pack","JAM Paper","FBA","Office Products",7975,701936239402,"N/A",0701936239402,"N/A","Address Labels",26,11.99,-2,1830,122,22,20609.76,1458.73,2000,4.5,"JAM Paper & Envelope","USA",3,20746,"N/A","Small Standard-Size",0.67,8.43,11.02,0.29,31.34,86.45,"06/30/2024",133,8,113,0.91
"https://amazon.com/dp/B00006IF4Q","https://m.media-amazon.com/images/I/71yuQPZPnxL._SX450_.jpg","B00006IF4Q","Smead Hanging File Folder with Tab, 1/5-Cut Adjustable Tab, Legal Size, Assorted Primary Colors, 25 per Box (64159) (Pack of 1)","SMEAD","Amazon","Office Products",27219,086486641593,00086486641593,0086486641593,"N/A","Hanging Folders & Interior Folders",121,22.2,-9,323,250,,8727.29,5674.39,1870,4.7,"Amazon","N/A",34,588,132,"Large Standard-Size",2.76,10.67,16.26,3.33,"N/A","N/A","07/31/2025",224,6,9,0.17
"https://amazon.com/dp/B071G3G9T3","https://m.media-amazon.com/images/I/31YnjqIU7lL._SX450_.jpg","B071G3G9T3","ExcelMark No Soliciting Sign for House or Business – Durable Indoor/Outdoor Sign – Easily Attach to Front Door - UV and Weather Resistant (Small - 2""x 5"", Brushed Silver with Black Letters)","ExcelMark","FBA","Office Products",1960,842562109537,"N/A",0842562109537,"N/A","Store Signs",2,7.99,-22,5709,272,-20,54550.34,1866.23,9514,4.5,"ExcelMark USA","USA",1,0,"N/A","Small Standard-Size",0.16,2.48,5,0.03,1,2.76,"05/31/2025",99,6,18,0.6
"https://amazon.com/dp/B004I2EBXS","https://m.media-amazon.com/images/I/31jY+yJcvmL._SX450_.jpg","B004I2EBXS","Lorell Commercial File Caddy, Black","Lorell","Amazon","Office Products",116815,035255175739,00035255175739,0035255175739,"N/A","Office Furniture & Lighting",7440,42.99,-1,64,64,-16,2753.14,2752.86,1315,4.3,"Amazon","N/A",35,967,-4,"Large Standard-Size",4.2,11.6,16.7,5.7,"N/A","N/A","07/31/2024",277,2,0,0.05
"https://amazon.com/dp/B00TIZ28BC","https://m.media-amazon.com/images/I/61jPUw4eDKL._SX450_.jpg","B00TIZ28BC","JAM PAPER Colorful Rubber Bands - Size 33 - Pink Rubberbands - 100/Pack","JAM Paper","FBA","Office Products",5643,707152624800,"N/A",7544580281761,"N/A","Rubber Bands",28,10.99,-7,1559,83,-10,19050.55,911.77,2676,4.2,"JAM Paper & Envelope","USA",2,22626,-8,"Large Standard-Size",1.26,5.04,6.65,0.2,21.26,58.65,"07/31/2024",108,6,25,0.58
"https://amazon.com/dp/B00N7JVCRG","https://m.media-amazon.com/images/I/51H64g4XU5L._SX450_.jpg","B00N7JVCRG","Crane & Co. Hand Engraved Blue Hydrangea Note (RF1407), Pack of 10","Crane & Co.","FBA","Office Products",87965,031619674559,00031619674559,0031619674559,"N/A","Greeting Cards",6422,29.5,-16,81,81,5,2391.7,2391.51,151,4.6,"Limited Papers®","USA",3,1466,8,"Large Standard-Size",1.06,8.43,13.5,0.49,60.74,167.55,"06/30/2024",140,1,0,0.54
"https://amazon.com/dp/B078S1VHBX","https://m.media-amazon.com/images/I/610hPyZTnNL._SX450_.jpg","B078S1VHBX","MaxLit 21'' X 10'' New Ultra Bright LED Neon Sign - OPEN - Remote Controlled - Energy Efficient & Durable (Blue/Red)","MaxLit","FBA","Office Products",57378,803257311611,00803257311611,0803257311611,"N/A","Store Signs",624,75,-10,132,107,-15,9948.84,8000.14,472,4.5,"Max Lit","USA",1,2123,-33,"Large bulky",2.5,12,23.5,3.3,354.95,979.17,"09/30/2023",92,6,5,0.28
"https://amazon.com/dp/B00EF1QQ5I","https://m.media-amazon.com/images/I/61hFHwXrAnL._SX450_.jpg","B00EF1QQ5I","ALVIN, TD654, Survey & Civil Engineer Template, Drawing and Drafting Tool for Artists, Architects, Design and Drafting, 4 x 6.5 x .030 Inches","ALVIN","FBA","Office Products",53238,088354526155,00088354526155,0088354526155,"N/A","Templates",41,12.99,30,142,51,755,1800.14,659.05,365,4.7,"Alvin®","USA",2,1220,-4,"Small Standard-Size",0.08,3.5,7.95,0.03,1.1,3.05,"08/31/2024",143,1,9,0.39
"https://amazon.com/dp/B006LMBQQS","https://m.media-amazon.com/images/I/61vBT6biyuL._SX450_.jpg","B006LMBQQS","Faber-Castell 12 Count Jumbo Grip Graphite Pencils","Faber-Castell","Amazon","Office Products",134061,092633310595,04005401119005,4005401119654,"N/A","Wooden Lead Pencils",908,25.86,-17,96,96,4113,2056.45,2055.9,598,4.7,"Amazon","N/A",1,374,-29,"Large Standard-Size",1.81,2.68,7.8,0.02,"N/A","N/A","07/31/2025",216,4,0,0.16
"https://amazon.com/dp/B00I81WB6O","https://m.media-amazon.com/images/I/71Lb36vTABL._SX450_.jpg","B00I81WB6O","ROARING SPRING Wide Landscape Legal Pad, Canary Yellow, 2 Pads, 11"" x 9.5"", College-Ruled with Margin, 20 lb Recycled Paper, 40 Perforated Sheets, Made in USA","ROARING SPRING","FBA","Office Products",18925,070972745117,00070972745117,0070972745117,"N/A","Graph Paper",34,11.82,-6,616,104,359,15061.35,1224.09,1813,4.8,"Roaring Spring Blank Book","USA",2,4170,-44,"Large Standard-Size",0.47,9.45,11.02,1.12,24.78,68.35,"08/31/2023",118,13,12,0.34
"https://amazon.com/dp/B00O98USLU","https://m.media-amazon.com/images/I/71Ll2tcHWUL._SX450_.jpg","B00O98USLU","Tombow 57315 MONO Zero Eraser and Refill Value Pack, Round 2.3mm. Precision Tip Pen-Style Eraser with Refill","Tombow","Amazon","Office Products",6111,085014573153,00085014573153,0085014573153,"N/A","Pen-Style Erasers",4,6.97,-2,1173,509,3,9008.92,3886.44,17958,4.8,"Amazon","N/A",5,21578,-54,"Small Standard-Size",0.35,1.97,7.01,0.04,"N/A","N/A","12/31/2023",155,11,4,0.07
"https://amazon.com/dp/B002VLAWFO","https://m.media-amazon.com/images/I/51Tu0j1q59L._SX450_.jpg","B002VLAWFO","Post-it Tabs, 2 in, Solid, White, 25 Tabs/On-The-Go Dispenser, 2 Dispensers/Pack (686F-50WH)","Post-it","FBM","Office Products",11235,051141236827,00051141236827,0051141236827,"N/A","Index Tabs",80,7.61,-10,872,872,70,6691.67,6691.37,587,4.8,"Fast and Precise by Staples","USA",55,0,"N/A","Small Standard-Size",0.35,2.76,5.43,0.04,"N/A","N/A","07/31/2025",191,6,0,1.49
"https://amazon.com/dp/B0006HXD6U","https://m.media-amazon.com/images/I/61X85GvzslL._SX450_.jpg","B0006HXD6U","Pendaflex Recycled Hanging Folders, Letter Size, Blue, 1/5 Cut, 25/BX (81603)","Pendaflex","FBM","Office Products",9606,078787816039,00078787816039,0078787816039,"N/A","Hanging Folders & Interior Folders",53,17.38,-8,971,152,-7,18984.93,2646.57,3592,4.7,"HiTouch Business Services a BU of Staples","USA",23,15885,-9,"Large Standard-Size",2.48,9.92,13.3,2.93,"N/A","N/A","12/31/2023",225,8,20,0.27
"https://amazon.com/dp/B01N9VV04L","https://m.media-amazon.com/images/I/61VYwjqG6lL._SX450_.jpg","B01N9VV04L","Mount-It! Monitor and Keyboard Wall Mount, Height Adjustable Standing VESA Keyboard Tray, 25 Inch Wide Platform with Mouse Pad (MI-7915)","Mount-It!","FBM","Office Products",50680,713012040352,"N/A",0713012040352,"N/A","Keyboard Drawers & Platforms",72,49.99,-8,134,134,11,6694.2,6694.08,134,3.9,"Mount-It!","USA",1,1639,55,"Large bulky",2.4,10,26,7.9,"N/A","N/A","02/28/2025",104,9,0,1
"https://amazon.com/dp/B00T8W3AK8","https://m.media-amazon.com/images/I/61ximlWDmNL._SX450_.jpg","B00T8W3AK8","U Brands Binder Clips, Assorted Sizes, Small 3/4-Inch Width and 1/3-Inch Paper Holding Capacity, Medium 1-1/4-Inch Width and 1/2-Inch Paper Holding Capacity, Black and Silver Steel, 80-Count","U Brands","Amazon","Office Products",142357,812296026547,00812296026547,0812296026547,"N/A","Clips",995,9.29,-13,55,55,99,502,501.47,372,4.5,"Amazon","N/A",1,456,-27,"Large Standard-Size",3.58,3.9,3.94,0.77,"N/A","N/A","09/30/2023",127,6,0,0.15
"https://amazon.com/dp/B002GKCDPW","https://m.media-amazon.com/images/I/61gSdaedoCL._SX450_.jpg","B002GKCDPW","Pentel Fine Tip XFP Fude Pen Battery – Ink Pigmentation","Pentel","FBA","Office Products",56133,343602414869,04902506125064,8732508732504,"N/A","Calligraphy Pens",33,5.97,-7,130,77,-34,783.79,461.28,1327,4.7,"Yukihime-JAPAN","Japan",10,1448,-51,"Small Standard-Size",0.59,1.54,8.98,0.02,4.11,11.33,"12/31/2023",157,7,3,0.1
"https://amazon.com/dp/B002JP1D2I","https://m.media-amazon.com/images/I/91nyJXUbpKL._SX450_.jpg","B002JP1D2I","SHARPIE Tank Style Highlighters, Chisel Tip, Fluorescent Yellow, 24 Count","Sharpie","FBA","Office Products",8082,300717871635,00071641201422,0300717871635,"N/A","Highlighters",95,20,12,6682,602,-58,41014.78,11724.35,5551,4.8,"Spot the Deal","USA",14,136651,91,"Large Standard-Size",2.24,5,6.02,0.93,33.95,93.64,"06/30/2025",203,6,2,1.2
"https://amazon.com/dp/B01APONQNI","https://m.media-amazon.com/images/I/71yLGCpOluL._SX450_.jpg","B01APONQNI","12 Pcs. Pencil Grips, Soft Cushioned Foam, Assorted Colors","US","FBA","Office Products",67216,"N/A","N/A",8111161878741,"N/A","Special Education Supplies",267,5.98,-1,98,98,22,586.95,586.81,1079,4.1,"Honorer","China",1,1363,21,"Small Standard-Size",0.2,2.2,3.4,0.04,0.75,2.08,"08/31/2024",116,7,0,0.09
"https://amazon.com/dp/B001538JCW","https://m.media-amazon.com/images/I/71P2sgFakKL._SX450_.jpg","B001538JCW","Fisher Space Pen Silver Ink Space Pen, Ballpoint, Bold Point, Silver Metallic Ink","Fisher Space Pen","FBM","Office Products",36897,786830375234,00747609362633,3040012585604,"N/A","Ballpoint Pens",876,13.18,-29,185,127,,1898.66,1065.33,472,4.1,"Marketfair Stationery","USA",2,0,"N/A","Small Standard-Size",0.75,2.91,7.72,0.03,"N/A","N/A","08/31/2025",211,7,2,0.4
"https://amazon.com/dp/B008UGEL56","https://m.media-amazon.com/images/I/61IXFl1AcdL._SX450_.jpg","B008UGEL56","Koh-I-Noor Progresso Woodless Graphite Pencil Set, 6 Degrees, 2 Pencils Per Degree, 12 Pencils (FA8911.12)","Koh-I-Noor","FBA","Office Products",36848,"N/A",08593539131694,8593539131694,"N/A","Wooden Lead Pencils",321,17.63,-7,224,72,-18,4212.01,1230.6,3391,4.6,"Noteworthy Goods","USA",3,4728,-6,"Small Standard-Size",0.47,3.94,6.06,0.4,5.65,15.59,"11/30/2024",151,1,4,0.07
"https://amazon.com/dp/B01DVPIDOA","https://m.media-amazon.com/images/I/41MMFtykxAL._SX450_.jpg","B01DVPIDOA","Bankers Box Short Wardrobe Box 3 Pack, 20-in x 20-in x 34-in (7710902)","Bankers Box","FBM","Office Products",42020,043859717903,00043859717903,0043859717903,"N/A","Box Mailers",526,70.89,-5,289,146,-32,18344.06,9187.1,3130,4.6,"Fast and Precise by Staples","USA",2,11208,"N/A","Large bulky",6,20.5,35,15.4,"N/A","N/A","05/31/2024",113,5,2,0.09
"https://amazon.com/dp/B000GAVLRK","https://m.media-amazon.com/images/I/51DD6ffMw4L._SX450_.jpg","B000GAVLRK","Pentel Lead Pencil Eraser - Non-Abrasive, Latex-Free - 0.5"" x 1.7"" x 0.7"" - 1Each - White ZEH05","Pentel","Amazon","Office Products",235174,072512027639,"N/A",0072512027639,"N/A","Standard Pencil Erasers",555,4.57,37,97,97,158,363.05,362.2,90,4.3,"Amazon","N/A",6,424,"N/A","Small Standard-Size",0.55,0.75,1.69,0.02,"N/A","N/A","07/31/2025",231,1,1,1.07
"https://amazon.com/dp/B00BF9HXRS","https://m.media-amazon.com/images/I/614tLgjH92L._SX450_.jpg","B00BF9HXRS","Smead Organized Up Heavyweight Vertical File Folders, Dual Tabs, Letter Size, Bright Tones, 6 per Pack (75406)","SMEAD","FBM","Office Products",37002,086486754064,00086486754064,0086486754064,"N/A","Colored",236,12.98,97,174,174,-22,2348.43,2347.2,1738,4.5,"Solutions by Staples","USA",32,3674,4,"Small Standard-Size",0.39,9.8,11.93,0.51,"N/A","N/A","01/31/2025",151,3,3,0.1
"https://amazon.com/dp/B073FCX8D1","https://m.media-amazon.com/images/I/51PMBtEcn4L._SX450_.jpg","B073FCX8D1","LxTek Compatible Ink Cartridge Replacement for Canon 1200XL PGI-1200 PGI1200XL to use with MAXIFY MB2720 MB2120 MB2320 MB2020 Printer (Black, 2 Pack-High Yield)","LxTek","FBA","Office Products",65728,785648280143,"N/A",0785648280143,"N/A","Inkjet Ink Cartridges",2015,8.78,-15,94,94,,1024.44,1023.35,18157,4.4,"Imagetech Direct","USA",5,0,"N/A","Large Standard-Size",3.03,3.7,4.13,0.35,23.31,64.31,"07/31/2025",99,6,0,0.01
"https://amazon.com/dp/B00007LPAE","https://m.media-amazon.com/images/I/71BGoQGjbQL._SX450_.jpg","B00007LPAE","Avery Print/Write Adhesive Removable Labels, 0.75 Inch Diameter, Red - Orange Neon, 1008 per Pack (5467)","Avery","FBM","Office Products",69157,072782054670,00072782054670,0072782054670,"N/A","Removable Labels",136,8.31,22,112,112,-8,898.32,897.81,112,4.6,"HiTouch Business Services a BU of Staples","USA",30,2061,49,"Small Standard-Size",0.55,4.09,6.06,0.29,"N/A","N/A","08/31/2024",239,5,0,1
"https://amazon.com/dp/B008ORS7VK","https://m.media-amazon.com/images/I/61zfBGBJ4PL._SX450_.jpg","B008ORS7VK","Avery 18670 Duplicate Auto Park Tags, 1-500, 4 3/4 x 2 3/8, Manila (Box of 500)","Avery","FBM","Office Products",97466,071709186708,00071709186708,0071709186708,"N/A","Key Tags",716,44.61,-5,85,85,,3768.21,3767.77,38,4.2,"Big Desk Drawer","USA",29,0,"N/A","Large Standard-Size",3.31,6.81,14.96,2.43,"N/A","N/A","07/31/2025",205,3,2,2.29
"https://amazon.com/dp/B01J2JUEOG","https://m.media-amazon.com/images/I/91UKK+RrxAL._SX450_.jpg","B01J2JUEOG","RICCO BELLO Travelers Notebook Refill Inserts, Weekly To Do Undated Calendar, Kraft Cover, 4.25 x 8.25 inches (Set of 3)","R|B RICCO BELLO","FBA","Office Products",21032,859890006117,"N/A",0859890006117,"N/A","Planner Accessories",40,10.99,-3,397,228,345,4367.23,2498.34,806,4.6,"Rosecroft Circle","USA",1,2058,-2,"Small Standard-Size",0.6,4.7,8.3,0.45,11.78,32.51,"07/31/2025",103,5,6,0.49
"https://amazon.com/dp/B003O3KLK4","https://m.media-amazon.com/images/I/51S2TYbNx6L._SX450_.jpg","B003O3KLK4","Garvey Gx2212, Label, White Blank (2212-04500)","GARVEY","FBA","Office Products",57583,011974045003,00011974045003,0011974045003,"N/A","Pricemarker Labels",96,17.44,-5,98,98,-26,1739.06,1738.74,185,4.2,"KC Business Supply","USA",3,1636,-19,"Large Standard-Size",2.32,2.36,7.83,0.97,21.58,59.54,"09/30/2024",183,4,0,0.53
"https://amazon.com/dp/B0002CE0WU","https://m.media-amazon.com/images/I/21powkEEISL._SX450_.jpg","B0002CE0WU","Fellowes 5933901 Mouse Pad w/Microban, Nonskid Base, 9 x 8, Black (FEL5933901), 8"" x 9"" x 0.1""","Fellowes","Amazon","Office Products",65443,043859474363,00043859474363,0043859474363,"N/A","Mouse Pads",965,5.98,-6,146,146,87,875.36,875.24,500,4.6,"Amazon","N/A",26,1246,-25,"Small Standard-Size",0.35,9.37,10.79,0.29,"N/A","N/A","03/31/2024",205,5,2,0.29
"https://amazon.com/dp/B003AJOF9A","https://m.media-amazon.com/images/I/41nTIeW+fGL._SX450_.jpg","B003AJOF9A","Avaya Partner 18D Telephone Black","Avaya","FBM","Office Products",92943,700580680257,"N/A",0700580680257,"N/A","PBX Phones & Systems",1,77,-9,85,85,8,6530.55,6530.4,100,4.1,"Dealer Connect communications","USA",8,1212,4,"Large Standard-Size",5.63,8.31,10.12,2.82,"N/A","N/A","07/31/2024",195,1,0,0.85
"https://amazon.com/dp/B01JAXZ9T4","https://m.media-amazon.com/images/I/31BQLCUcgZL._SX450_.jpg","B01JAXZ9T4","USI WrapSure Standard Thermal Roll Laminating Film, 1 Inch Core, 3 Mil, 25 Inches x 250 Feet, Clear, Gloss Finish, 2-Pack","Wrapsure","FBM","Office Products",37009,"N/A","N/A","N/A","N/A","Laminating Supplies",150,86.75,-9,253,253,200,21943.92,21943.79,56,4.4,"New Precision Technology LLC","USA",1,1634,43,"Large bulky",25.5,8,4,16.35,"N/A","N/A","07/31/2025",110,1,0,4.52
"https://amazon.com/dp/B0006HWMQW","https://m.media-amazon.com/images/I/61ZK39RRM0L._SX450_.jpg","B0006HWMQW","TOPS Daily Employee Time And Job Sheet, 6 x 9.5 Inches, 100 Sheets per Pad, 2 Pads/Pack (30041)","Tops","Amazon","Office Products",71318,025932300417,00025932300417,0025932300417,"N/A","Time Cards",54,18.62,-8,122,122,26,2281.87,2281.26,219,4.5,"Amazon","N/A",31,1287,"N/A","Small Standard-Size",0.75,5.51,8.54,0.86,"N/A","N/A","07/31/2025",233,6,0,0.56
"https://amazon.com/dp/B071YTMWDZ","https://m.media-amazon.com/images/I/91Pk4H+i-lL._SX450_.jpg","B071YTMWDZ","Paper Mate 2016888 Flair Felt Tip Pens, Medium Point, Assorted Colors With Positive Postcards Adult Coloring Book, 17 Count, Assorted Core Colors","Paper Mate","FBA","Office Products",71205,041540010258,00041540010258,0041540010258,"N/A","Porous-Point Pens",110,9.95,-6,99,99,244,980.24,979.11,173,4.4,"Spot the Deal","USA",1,0,"N/A","Large Standard-Size",1.06,8.98,11.89,0.57,56.98,157.19,"07/31/2025",100,5,0,0.57
"https://amazon.com/dp/B01JH3LNL0","https://m.media-amazon.com/images/I/41tURx0eTKS._SX450_.jpg","B01JH3LNL0","JAM PAPER Colored 24lb Paper - 90 gsm - 8.5 x 11 - Red Recycled - 50 Sheets/Pack","JAM Paper","FBA","Office Products",17161,600988700277,"N/A",0600988700277,"N/A","Colored Paper",52,10.99,1,534,149,-60,7014.51,1631,1102,4.6,"JAM Paper & Envelope","USA",4,12582,-39,"Small Standard-Size",0.39,8.54,11.02,0.55,18.48,50.98,"06/30/2024",109,8,33,0.48
"https://amazon.com/dp/B01F291CZU","https://m.media-amazon.com/images/I/51YKY+1Mf5L._SX450_.jpg","B01F291CZU","Avery Printable Postcards, 4.25"" x 5.5"", Ivory, 100 Blank Postcards for Laser and Inkjet Printers (5919)","Avery","Amazon","Office Products",36714,072782059194,00072782059194,0072782059194,"N/A","Postcards",53,15.99,156,147,147,34,2257.68,2257,332,4.7,"Amazon","N/A",32,2319,-5,"Small Standard-Size",0.67,9.29,12.01,0.84,"N/A","N/A","09/30/2024",111,8,2,0.44
"https://amazon.com/dp/B0006BB7X2","https://m.media-amazon.com/images/I/61V96fKL3EL._SX450_.jpg","B0006BB7X2","GBC Thermal Laminating Film Roll, 2 Pack, NAP I, 1"" Poly-In Core, 1.5 Mil Laminate Rolls, 27"" x 500', School Lamination (3126061)","GBC","Amazon","Office Products",4850,999991421409,30033816065131,4923123121048,"N/A","Laminating Supplies",41,85.25,4,2580,684,634,194412.63,56976.53,437,4.5,"Amazon","N/A",25,15143,32,"Large bulky",4.5,7.5,27.75,15.52,"N/A","N/A","07/31/2025",233,5,4,5.9
"https://amazon.com/dp/B078W2HPRL","https://m.media-amazon.com/images/I/51+uDXkw--L._SX450_.jpg","B078W2HPRL","Sharpie 44001 Oversized Chisel Tip Extra Wide Magnum Permanent Marker (4 Pack), Black, Sturdy Extra-wide Felt Chisel Tip, Quick-drying Ink is Fade-and Water-Resistant","Sharpie","FBA","Office Products",15257,"N/A","N/A",3501170878965,"N/A","Permanent Markers",181,17.88,-27,516,516,-21,9520.36,9518.44,1081,4.8,"Beauty 4 Us","USA",13,10753,12,"Large Standard-Size",1.22,4.41,8.03,0.46,21.75,60,"08/31/2024",92,6,0,0.48
"https://amazon.com/dp/B0017OE7PC","https://m.media-amazon.com/images/I/81vSGD5P8GL._SX450_.jpg","B0017OE7PC","Trend Happy Apples superShapes Stickers, Classroom Incentives, 800 Count","Trend Enterprises","Amazon","Office Products",39607,078628460759,00078628460759,0078628460759,"N/A","Awards & Incentives Supplies",339,6.86,-10,105,105,,599.89,599.05,161,4.6,"Amazon","N/A",8,578,1,"Small Standard-Size",0.1,4.13,8,0.07,"N/A","N/A","08/31/2024",209,3,0,0.65
"https://amazon.com/dp/B001U5F5RC","https://m.media-amazon.com/images/I/71-f+2aIuvL._SX450_.jpg","B001U5F5RC","Mark-My-Time - Digital Bookmark - Mark My Time Reading Timer and Bookmark for Kids, Cool Bookmarks and Reading Incentives, Christmas Gift & Stocking Stuffer for Book Lovers - 3D Enchanted Horses","Mark-My-Time","FBA","Office Products",11576,184067000026,"N/A",0184067000026,"N/A","Bookmarks",90,12.99,-7,474,52,89,6154.76,668.98,394,4.3,"BIGFLY","USA",2,5779,7,"Large Standard-Size",0.87,2.05,8.58,0.13,7.7,21.25,"11/30/2023",256,7,11,1.2
"https://amazon.com/dp/B07594MRBS","https://m.media-amazon.com/images/I/71bQm-pLfPL._SX450_.jpg","B07594MRBS","ZHEGUI Clear Plastic Name Tag Holder and Metal Badge Clips with Vinyl Straps Waterproof PVC ID Card Holders Heavy Duty(50 Pack, Horizontal Large 3x4)","ZHEGUI","FBA","Office Products",8643,702056979971,"N/A",0702056979971,"N/A","Badge Holders",185,16.95,-3,857,64,-12,10030,1076.96,1468,4.6,"zhegui","China",1,8534,-59,"Large Standard-Size",1.35,5,8,0.25,27.19,75,"06/30/2024",97,6,18,0.58
"https://amazon.com/dp/B005EE4USK","https://m.media-amazon.com/images/I/61nT9WVUHAL._SX450_.jpg","B005EE4USK","Pentel BLN105B EnerGel-X Retractable Roller Gel Pen, .5mm, Red Barrel/Ink, Dozen","Pentel","FBM","Office Products",80594,884851006691,00884851006691,0884851006691,"N/A","Liquid Ink Rollerball Pens",203,14.39,-3,67,67,93,956.71,956.48,9718,4.7,"Fast and Precise by Staples","USA",26,759,"N/A","Large Standard-Size",1.06,3.19,5.98,0.29,"N/A","N/A","02/28/2025",170,10,0,0.01
"https://amazon.com/dp/B00006IEZ5","https://m.media-amazon.com/images/I/81EOIB1tfwL._SX450_.jpg","B00006IEZ5","Pendaflex 04152X3 Extra Capacity Reinforced Hanging File Folders, 3"", Letter Size, Standard green, 1/5 Cut, 25/BX (4152x3)","Pendaflex","Amazon","Office Products",13722,078787473171,00078787473171,0078787473171,"N/A","Hanging Folders & Interior Folders",72,26.1,-9,723,73,20,15846.67,1951.35,3132,4.6,"Amazon","N/A",52,9987,-13,"Large Standard-Size",2.64,11.69,13.03,3.35,"N/A","N/A","06/30/2024",225,10,12,0.23
"https://amazon.com/dp/B06XR4R5Q2","https://m.media-amazon.com/images/I/61wSiRvLOxL._SX450_.jpg","B06XR4R5Q2","Clothing Size Strip Labels - 1.25"" X 5"" - 250 Strips Per Roll - Clear with Black and White Ink by Kenco (Large)","Kenco","FBA","Office Products",26039,849243012483,"N/A",0849243012483,"N/A","Pricemarker Labels",47,7.48,320,517,174,2,4128.09,1302.56,243,4.6,"Kenco Label & Tag Co.","USA",1,6226,10,"Large Standard-Size",1.46,4.49,4.53,0.42,14.95,41.24,"05/31/2024",102,8,8,2.13
"https://amazon.com/dp/B0007P95K4","https://m.media-amazon.com/images/I/61OkDSoWDPL._SX450_.jpg","B0007P95K4","Learning Wrap-Ups Subtraction Keys - Self Correcting Math Tool for Kids Grade Level 1-3","LEARNING WRAP-UPS SELF-CORRECTING","FBA","Office Products",7933,798813036650,00018343100028,0798813036650,"N/A","Early Childhood Education Materials",63,10.99,-4,1649,218,102,28007.34,2402,3941,4.8,"Zerbert","USA",4,17090,4,"Large Standard-Size",1.1,2.05,6.34,0.26,7.2,19.86,"08/31/2024",219,6,8,0.42
"https://amazon.com/dp/B000HF6I90","https://m.media-amazon.com/images/I/61LdY7as92L._SX450_.jpg","B000HF6I90","ALVIN DM07 Draft/Matic® Mechanical Pencil, 0.7mm, Stainless Steel Drawing and Design Tool for Students and Professionals, Great for Drafting, Architecture, Engineering, and Art","ALVIN","FBA","Office Products",43614,088354257004,00088354257004,0088354257004,"N/A","Mechanical Pencils",374,17.95,-7,205,74,-9,3901.8,1325.82,1261,4.4,"Sale Stores ✅","USA",3,3049,24,"Large Standard-Size",1.18,3.86,6.38,0.31,14.63,40.36,"11/30/2024",200,8,4,0.16
"https://amazon.com/dp/B00K3MGILK","https://m.media-amazon.com/images/I/415YznS1uaL._SX450_.jpg","B00K3MGILK","Great Papers! Rainbow Bright Letterhead, 8.5 x 11 Inches, 80 Count (2013193)","Great Papers!","Amazon","Office Products",102730,601952131936,00601952131936,0601952131936,"N/A","Stationery",358,11.75,-5,66,66,,778.97,778.82,196,4.5,"Amazon","N/A",3,0,"N/A","Small Standard-Size",0.39,8.58,11.06,0.77,"N/A","N/A","07/31/2025",136,2,0,0.34
"https://amazon.com/dp/B0013NE3VA","https://m.media-amazon.com/images/I/51PNTIzbJ+L._SX450_.jpg","B0013NE3VA","Pentel Mechanical Pencil, Kerry, 0.5mm, Black (P1035-AD)","Pentel","FBA","Office Products",12174,"N/A",04902506311801,4902506311801,"N/A","Mechanical Pencils",118,12.9,3,868,271,78,10654.18,3492.37,2592,4.4,"TheWriteExpression","USA",19,10985,43,"Small Standard-Size",0.47,0.59,4.88,0.04,0.69,1.89,"11/30/2024",157,6,5,0.33
"https://amazon.com/dp/B000RMS7R4","https://m.media-amazon.com/images/I/71QT-1v42FL._SX450_.jpg","B000RMS7R4","Ampad 20816 Gold Fibre Wirebound Writing Pad w/Cover, 9 1/4 x 7 1/4, White, Green Cover","Ampad","FBM","Office Products",82403,804993667338,50074319208162,0804993667338,"N/A","Spiral Notebooks",1160,7.99,-27,69,69,62,548.97,548.14,126,4.5,"Fast and Precise by Staples","USA",43,829,28,"Small Standard-Size",0.51,8.62,9.69,0.77,"N/A","N/A","12/31/2024",197,7,0,0.55
"https://amazon.com/dp/B01M0YXV2C","https://m.media-amazon.com/images/I/91qP8ZVTSuL._SX450_.jpg","B01M0YXV2C","Hallmark Birthday Greeting Card for Kids (Disney Princess Earring Stickers)","Hallmark","Amazon","Office Products",31965,720473879568,00720473879568,0720473879568,"N/A","Greeting Cards",2117,3.99,-10,438,438,11,1747.68,1747.49,42951,4.8,"Amazon","N/A",1,2056,"N/A","Small Standard-Size",0.1,5,7,0.03,"N/A","N/A","03/31/2024",99,10,0,0.01
"https://amazon.com/dp/B00DGXA2BK","https://m.media-amazon.com/images/I/71DoB+rC3VL._SX450_.jpg","B00DGXA2BK","Samsill 1 Inch 3 Ring Binders, Made in USA, Economy Round Ring, Clear View Cover, 200 Sheet Capacity - for School, Home, Office - White, 6 Pack","Samsill","Amazon","Office Products",270,503620853754,00503620853754,0503620853754,"N/A","Data Binders",1,23.8,7,23543,112,52,1152935,3005.48,15360,4.6,"Amazon","N/A",1,0,"N/A","Large Standard-Size",5.98,11.18,12.05,4.12,"N/A","N/A","07/31/2025",188,8,97,1.53
"https://amazon.com/dp/B004V6Y8IE","https://m.media-amazon.com/images/I/61fIYwZ76mL._SX450_.jpg","B004V6Y8IE","Midori Brass Label Plate (82022006)","DESIGNPHIL","FBA","Office Products",66493,"N/A",04902805820226,4902805820226,"N/A","Desk Tapes & Nameplates",247,12.98,-12,70,70,74,914.09,913.23,85,4.8,"AJ-Base","Japan",9,844,"N/A","Small Standard-Size",0.28,3.9,7.87,0.13,4.33,11.94,"07/31/2025",157,6,0,0.83
"https://amazon.com/dp/B000Q3EMNM","https://m.media-amazon.com/images/I/81kwGcGHwfL._SX450_.jpg","B000Q3EMNM","DJOIS by Tarifold - Wall Mount Reference & Display System - Durable Steel Wire Frames- 5 Double-Sided Pockets - 10 Sheet Capacity - Made in France","Tarifold","FBA","Office Products",117117,823019814723,10672644120054,0823019814723,"N/A","Catalog & Reference Racks",17,35.48,7,55,55,13,1953.47,1952.79,49,4.2,"T3L USA","USA",12,433,41,"Large Standard-Size",1.93,10.47,14.02,1.12,142.64,393.48,"06/30/2025",247,9,0,1.12
"https://amazon.com/dp/B0006HVGIM","https://m.media-amazon.com/images/I/611UYI+sGVL._SX450_.jpg","B0006HVGIM","Rediform Driver's Daily Log Book, Carbon, 2 Part, 5.5 x 7.875 Inches, 31 Forms (6K681)","Rediform","Amazon","Office Products",62379,077925646811,00077925646811,0077925646811,"N/A","Record Books",130,4.9,-9,200,200,52,978.37,978.25,165,4.6,"Amazon","N/A",16,1734,237,"Small Standard-Size",0.39,5.47,8.5,0.33,"N/A","N/A","04/30/2025",226,4,0,1.21
"https://amazon.com/dp/B00XK6AGN2","https://m.media-amazon.com/images/I/81r1OKskXrL._SX450_.jpg","B00XK6AGN2","EASTEX The Joker Why So Serious Lanyard Keychain - Work ID Lanyard for Keys Badge - ID Card Holder Keychain for Batman The Dark Knight Movie Fan - Nerd Gifts for Men Women - Joker Comic Books Lover","EASTEX","FBA","Office Products",100163,"N/A","N/A",6192896921065,"N/A","Badge Holders",3039,8.49,74,73,60,112,613.39,508.58,233,4.6,"Eastex","USA",1,653,19,"Large Standard-Size",0.87,1.3,3.39,0.04,1.93,5.33,"11/30/2024",124,7,2,0.31
"https://amazon.com/dp/B00S2XNFZO","https://m.media-amazon.com/images/I/51-YVEb4d0L._SX450_.jpg","B00S2XNFZO","Teacher Created Resources 6198 Gr 3 Power Pen Learning Cards, Medium","Teacher Created Resources","Amazon","Office Products",29847,787718272041,00088231961987,0787718272041,"N/A","Early Childhood Education Materials",322,24.77,-31,310,116,148,6024.2,2315.63,412,4.5,"Amazon","N/A",5,2908,-13,"Large Standard-Size",2.32,5.2,8.54,1.06,"N/A","N/A","07/31/2025",129,5,5,0.75
"https://amazon.com/dp/B0752LF73T","https://m.media-amazon.com/images/I/71uZh1qaaLL._SX450_.jpg","B0752LF73T","MagicWater Supply Mailing Tube - 2 in x 15 in - Kraft - 12 Pack - for Shipping and Storage of Posters, Arts, Crafts, and Documents","MagicWater Supply","FBA","Office Products",24201,"N/A","N/A","N/A","N/A","Mailing Tubes",6,26.99,6,255,122,,4833.67,3295.26,998,4.8,"MagicWater Supply","USA",1,0,"N/A","Large Standard-Size",4.29,13.03,16.57,2.13,466.29,1286.31,"07/31/2025",97,7,5,0.26
"https://amazon.com/dp/B00006IE6C","https://m.media-amazon.com/images/I/81MxnZYRhbL._SX450_.jpg","B00006IE6C","Paper Mate 9560131 Flexgrip Ultra Retractable Ballpoint Pens, Fine Point, Blue Ink, 12-Pack","Paper Mate","FBM","Office Products",90933,809099244827,09313139259357,9313139259357,"N/A","Ballpoint Pens",2382,16.3,-4,71,71,141,1160.69,1160.1,237,4.2,"Fast and Precise by Staples","USA",20,478,-23,"Large Standard-Size",1.22,3.23,5.87,0.18,"N/A","N/A","07/31/2025",250,4,1,0.3
"https://amazon.com/dp/B001SN8HQ2","https://m.media-amazon.com/images/I/51xdKOoWCqL._SX450_.jpg","B001SN8HQ2","The Pencil Grip Heavyweight Ballpoint Pen with Grip, Ergonomic and Best Pens for Smooth Writing, 2.4 Oz- TPG-651, Black","The Pencil Grip","FBM","Office Products",114387,634901190524,00634901006511,0634901190524,"N/A","Ballpoint Pens",3060,29.43,6,77,77,-63,1452.26,1452.11,630,4.2,"-Supermart","USA",4,1221,"N/A","Large Standard-Size",1.97,2.6,6.97,0.19,"N/A","N/A","06/30/2025",256,2,2,0.12
"https://amazon.com/dp/B003CHWJXO","https://m.media-amazon.com/images/I/71lyTYeZ8EL._SX450_.jpg","B003CHWJXO","ACCUSTAMP2 035532 Pre-Inked Shutter Stamp with Microban, Red/Blue, Copy, 1 5/8 x 1/2","AccuStamp","FBA","Office Products",9915,039956355322,00039956355322,0039956355322,"N/A","Stamps",44,10.75,9,885,104,-21,8926.17,1116.89,2022,4.8,"SBlabels","USA",20,17466,34,"Large Standard-Size",1.34,3.43,5.12,0.18,11.85,32.68,"12/31/2024",179,6,15,0.44
"https://amazon.com/dp/B076KFD1F8","https://m.media-amazon.com/images/I/61q-Cx5UwzL._SX450_.jpg","B076KFD1F8","MarkDomain 8 Rolls 30323 (2-1/8"" x 4"", 54mm x 102mm) Shipping/Adress Label Compatible with Dymo Label Writer 450, 4XL, 450 Duo/Turbo Printers, Not for 550/5xl, 1760 Stickers","MarkDomain","FBA","Office Products",84557,653391199091,"N/A",0653391199091,"N/A","Address Labels",348,24.99,-16,86,64,68,2181.19,1545.86,54,4.6,"MarkDomain","China",1,1044,51,"Large Standard-Size",5.8,6.8,6.8,3.79,135.03,372.49,"04/30/2025",94,9,3,1.6
"https://amazon.com/dp/B00823FVJC","https://m.media-amazon.com/images/I/51EY56VLb5L._SX450_.jpg","B00823FVJC","Fairbanks Scales 29824 Ultegra Flat Top Parcel Shipping Scale, 14"" Length, 14"" Width, 2.4"" Height, 150 lbs Capacity","Fairbanks Scales","FBM","Office Products",83543,"N/A","N/A","N/A","N/A","Postal Scales",87,399.46,2636,87,87,311,33601.71,33601.24,89,4.5,"Edgewater Distribution","USA",2,1062,"N/A","Large bulky",6.25,16.5,18.5,8.3,"N/A","N/A","09/30/2024",160,2,1,0.97
"https://amazon.com/dp/B007NFUSXO","https://m.media-amazon.com/images/I/51bn2kZIQwL._SX450_.jpg","B007NFUSXO","TOMBOW 57334 Mono Dust Catch Eraser, 1 Pack. Uniquely Designed Eraser Catches Residue for Mess-Free Use Without Damaging Paper","Tombow","FBA","Office Products",11581,"N/A",04901991652963,4901991652963,"N/A","Cube Erasers",5,4.07,-3,1454,1454,710,5769.48,5766.23,1648,4.6,"Sun Shine Port","Japan",12,7703,"N/A","Small Standard-Size",0.47,0.94,2.2,0.04,0.49,1.35,"07/31/2025",156,6,1,0.88
"https://amazon.com/dp/B0758B5S9V","https://m.media-amazon.com/images/I/61hgooozDSL._SX450_.jpg","B0758B5S9V","Cypress Lane Slide-Grip Report/Presentation/Thesis/Document/Paper/Resume Covers, Real Estate Brochure, File Organizer with Sliding Bar. Letter Size. Clear Front & Back (50 pcs Black)","Cypress Lane","FBA","Office Products",25175,609053466315,"N/A",0609053466315,"N/A","Report Covers",26,19.99,-5,440,62,-69,3768.12,1236.2,1218,4.6,"Cypress Lane","USA",1,9784,"N/A","Large Standard-Size",2.44,11.5,11.97,2.69,169.11,466.5,"04/30/2024",104,3,4,0.36
"https://amazon.com/dp/B00FTWHAOI","https://m.media-amazon.com/images/I/31eOCGuAwjL._SX450_.jpg","B00FTWHAOI","HP 130A Cyan Toner Cartridge | Works with HP Color LaserJet Pro MFP M176, M177 Series | CF351A","HP","FBM","Office Products",89853,886112939298,00886112939298,0886112939298,"N/A","Toner Cartridges",1367,85.89,-5,56,56,-19,4638.39,4637.69,297,4.8,"24/7 Toners","USA",42,999,-12,"Large Standard-Size",3.15,3.35,13.98,0.99,"N/A","N/A","09/30/2023",143,9,1,0.19
"https://amazon.com/dp/B00006IBVB","https://m.media-amazon.com/images/I/4166zNFzcLL._SX450_.jpg","B00006IBVB","Avery 8-Tab Binder Dividers, Insertable Clear Big Tabs, 1 Set (11112)","Avery","FBM","Office Products",56128,823019489044,00072782111120,8271072700682,"N/A","Binder Index Dividers",339,4.64,-12,225,225,,1047.94,1045.76,1130,4.7,"HiTouch Business Services a BU of Staples","USA",27,0,"N/A","Small Standard-Size",0.33,8.99,11.06,0.18,"N/A","N/A","07/31/2025",249,8,0,0.2
"https://amazon.com/dp/B00006IC3S","https://m.media-amazon.com/images/I/71BYBKYT2fL._SX450_.jpg","B00006IC3S","Bankers Box 12 Pack STOR/FILE Medium-Duty File Storage Boxes, FastFold, String and Button, Legal, White/Blue","Bankers Box","Amazon","Office Products",39103,"N/A",10077511007023,"N/A","N/A","Storage File Boxes",157,99.48,-4,187,187,-6,18618.58,18618.44,250,4.5,"Amazon","N/A",49,3112,-17,"Large bulky",5,31,41,28.9,"N/A","N/A","12/31/2023",116,8,5,0.75
"https://amazon.com/dp/B014UUL9WS","https://m.media-amazon.com/images/I/81wQNijCsVL._SX450_.jpg","B014UUL9WS","Hammermill Printer Paper, Multipurpose Inkjet Paper 24 lb, 8.5 x 11 - 1 Ream (500 Sheets) - 96 Bright, Made in the USA, 105050R","Hammermill","FBM","Office Products",258,823019602306,50010199105054,0823019602306,"N/A","Copy & Multipurpose Paper",7,21.99,8,15999,1486,-7,306972.36,27823.94,21253,4.8,"Forthright Traders","USA",9,203271,10,"Large Standard-Size",2.28,8.58,11.1,6.04,"N/A","N/A","02/29/2024",225,7,4,0.75
"https://amazon.com/dp/B003LD913K","https://m.media-amazon.com/images/I/71wvCpqiAsL._SX450_.jpg","B003LD913K","EPSON 127 DURABrite Ultra Ink Magenta Cartridge For NX-530, NX-625, WF-3520, WF-3530, WF-3540, WF-545, WF-60, WF-630, WF-633, WF-635, WF-645, WF-7010, WF-7510, WF-7520, WF-840, WF-845","Epson","Amazon","Office Products",3274,971478554237,00010343876187,7478789853705,"N/A","Inkjet Ink Cartridges",182,24.09,-9,2508,135,19,77028.46,3082.6,5971,4.6,"Amazon","N/A",11,31585,-13,"Small Standard-Size",0.75,4.37,4.45,0.09,"N/A","N/A","03/31/2024",183,5,6,0.42
"https://amazon.com/dp/B007WDQL56","https://m.media-amazon.com/images/I/61z3NhouoxL._SX450_.jpg","B007WDQL56","General Pencil Factis Soft Oval Eraser","GENERAL'S","FBA","Office Products",96250,044974121200,00044974121200,0044974121200,"N/A","Standard Pencil Erasers",230,5.25,45,68,68,60,343.39,342.88,221,4.7,"Undersun Premium Suppliers","USA",6,421,"N/A","Small Standard-Size",0.71,1.89,4.45,0.07,3.01,8.29,"07/31/2024",197,1,0,0.31
"https://amazon.com/dp/B003KSKAIQ","https://m.media-amazon.com/images/I/816pwMl50ZL._SX450_.jpg","B003KSKAIQ","CAS LST-8020 Printing Scale Label, 58 x 60 mm, UPC/Ingredients 12 rolls of 500 labels","CAS","FBM","Office Products",111501,"N/A","N/A","N/A","N/A","Pricemarker Labels",212,35.91,1,68,52,2379,2354.46,1857.82,70,4.3,"CAS CORP.","USA",5,354,12,"Large Standard-Size",5.83,7.48,10.67,7.21,"N/A","N/A","07/31/2025",184,6,3,0.98
"https://amazon.com/dp/B0006VNZZA","https://m.media-amazon.com/images/I/71FF+xYTqEL._SX450_.jpg","B0006VNZZA","C-Line General Plastic Document Sorter, Letter Size, 32 Divisions, 3 x 23.5 Inches, Blue (30532)","C-Line","Amazon","Office Products",38020,999996558407,00038944305325,7174117296267,"N/A","File Sorters",31,25.27,12,723,723,4353,18696.91,18692.84,293,4.7,"Amazon","N/A",40,2459,"N/A","Large bulky",1.02,3.03,23.9,1.12,"N/A","N/A","07/31/2025",233,3,0,2.47
"https://amazon.com/dp/B001L1REN8","https://m.media-amazon.com/images/I/61t4NXTqCWL._SX450_.jpg","B001L1REN8","Smead Pressboard Classification File Folder with SafeSHIELD Fasteners, 2 Dividers, 2"" Expansion, Legal Size, Gray/Green, 10 per Box (19076)","SMEAD","Amazon","Office Products",58220,"N/A",30086486190764,"N/A","N/A","Top Tab Classification Folders",57,28.72,-6,62,62,,1942.54,1942.26,73,4.6,"Amazon","N/A",23,0,"N/A","Large Standard-Size",2.6,10.3,15.6,4.05,"N/A","N/A","07/31/2025",205,9,2,0.85